ID_Venta,Fecha,Categoría,Producto,Cantidad,Precio_Unitario,Total_Venta
V-1000,2025-11-24,Electrónica,Teclado Mecánico,3.0,45000.0,135000.0
V-1001,2025-05-06,Ropa,Jeans Slim Fit,1.0,35000.0,35000.0
V-1002,2025-12-13,Deportes,Mancuernas 5kg,5.0,25000.0,125000.0
V-1003,2025-08-05,Electrónica,Teclado Mecánico,1.0,45000.0,45000.0
V-1004,2025-04-22,Ropa,Medias Deportivas,5.0,5000.0,25000.0
V-1005,2025-01-14,Deportes,Tapete de Yoga,5.0,18000.0,90000.0
V-1006,2025-08-03,Ropa,Sudadera,5.0,28000.0,140000.0
V-1007,2025-05-23,Electrónica,Mouse Gamer,4.0,25000.0,100000.0
V-1008,2025-06-24,Hogar,Cafetera Expreso,2.0,120000.0,240000.0
V-1009,2025-06-22,Electrónica,Teclado Mecánico,4.0,45000.0,180000.0
V-1010,2025-02-19,Hogar,Juego de Sábanas,,40000.0,
V-1011,2025-05-16,Electrónica,Auriculares Bluetooth,5.0,35000.0,175000.0
V-1012,2025-03-05,Libros,Novela de Ciencia Ficción,5.0,15000.0,75000.0
V-1013,2025-05-31,Deportes,Balón de Fútbol,5.0,30000.0,150000.0
V-1014,2025-04-09,Electrónica,Teclado Mecánico,2.0,45000.0,90000.0
V-1015,2025-05-29,Electrónica,Mouse Gamer,1.0,25000.0,25000.0
V-1016,2025-07-14,Hogar,Sartén Antiadherente,3.0,30000.0,90000.0
V-1017,2025-03-25,Hogar,Juego de Sábanas,2.0,40000.0,80000.0
V-1018,2025-12-10,Hogar,Lámpara de Escritorio,5.0,22000.0,110000.0
V-1019,2025-11-22,Ropa,Medias Deportivas,2.0,5000.0,10000.0
V-1020,2025-03-25,Libros,Libro de Cocina,3.0,18000.0,54000.0
V-1021,2025-11-24,Deportes,Tapete de Yoga,3.0,18000.0,54000.0
V-1022,2025-01-29,Ropa,Camiseta Algodón,,12000.0,
V-1023,2025-07-25,Hogar,Lámpara de Escritorio,2.0,22000.0,44000.0
V-1024,2025-10-18,Hogar,Cafetera Expreso,4.0,120000.0,480000.0
V-1025,2025-07-22,Libros,Manual de Python,3.0,28000.0,84000.0
V-1026,2025-03-13,Ropa,Medias Deportivas,5.0,5000.0,25000.0
V-1027,2025-05-15,Deportes,Botella de Agua Inoxidable,5.0,14000.0,70000.0
V-1028,2025-07-24,Hogar,Cafetera Expreso,2.0,120000.0,240000.0
V-1029,2025-09-18,Libros,Novela de Ciencia Ficción,1.0,15000.0,15000.0
V-1030,2025-02-26,Ropa,Jeans Slim Fit,4.0,35000.0,140000.0
V-1031,2025-11-02,Electrónica,Auriculares Bluetooth,4.0,35000.0,140000.0
V-1032,2025-11-02,Libros,Cómic de Superhéroes,3.0,12000.0,36000.0
V-1033,2025-10-11,Electrónica,Teclado Mecánico,5.0,45000.0,225000.0
V-1034,2025-05-17,Hogar,Lámpara de Escritorio,3.0,22000.0,66000.0
V-1035,2025-08-11,Ropa,Sudadera,1.0,28000.0,28000.0
V-1036,2025-05-15,Deportes,Tapete de Yoga,5.0,18000.0,90000.0
V-1037,2025-02-24,Hogar,Organizador de Zapatos,5.0,180000.0,900000.0
V-1038,2025-04-12,Ropa,Chaqueta de Invierno,2.0,75000.0,150000.0
V-1039,2025-10-04,Deportes,Mancuernas 5kg,5.0,25000.0,125000.0
V-1040,2025-06-15,Libros,Novela de Ciencia Ficción,1.0,15000.0,15000.0
V-1041,2025-07-05,Hogar,Cafetera Expreso,1.0,120000.0,120000.0
V-1042,2025-05-04,Deportes,Mancuernas 5kg,1.0,25000.0,25000.0
V-1043,2025-09-06,Electrónica,Cargador Rápido,2.0,15000.0,30000.0
V-1044,2025-03-07,Libros,Cómic de Superhéroes,2.0,12000.0,24000.0
V-1045,2025-05-16,Deportes,Cuerda para Saltar,4.0,8000.0,32000.0
V-1046,2025-04-19,Deportes,Tapete de Yoga,3.0,18000.0,54000.0
V-1047,2025-07-24,Hogar,Sartén Antiadherente,5.0,30000.0,150000.0
V-1048,2025-08-20,Electrónica,Mouse Gamer,2.0,25000.0,50000.0
V-1049,2025-02-02,Hogar,Lámpara de Escritorio,5.0,22000.0,110000.0
V-1050,2025-10-11,Ropa,Medias Deportivas,2.0,5000.0,10000.0
V-1051,2025-01-04,Electrónica,Teclado Mecánico,2.0,45000.0,90000.0
V-1052,2025-02-04,Electrónica,"Monitor 24""",1.0,180000.0,180000.0
V-1053,2025-09-21,Ropa,Chaqueta de Invierno,4.0,75000.0,300000.0
V-1054,2025-04-20,Deportes,Tapete de Yoga,5.0,18000.0,90000.0
V-1055,2025-10-23,Libros,Manual de Python,4.0,28000.0,112000.0
V-1056,2025-07-28,Ropa,Camiseta Algodón,1.0,12000.0,12000.0
V-1057,2025-12-04,Libros,Biografía de Innovadores,4.0,22000.0,88000.0
V-1058,2025-07-30,Libros,Novela de Ciencia Ficción,1.0,15000.0,15000.0
V-1059,2025-02-01,Libros,Biografía de Innovadores,1.0,22000.0,22000.0
V-1060,2025-05-08,Ropa,Jeans Slim Fit,5.0,35000.0,175000.0
V-1061,2025-08-18,Ropa,Sudadera,2.0,28000.0,56000.0
V-1062,2025-05-23,Libros,Manual de Python,1.0,28000.0,28000.0
V-1063,2025-08-15,Deportes,Mancuernas 5kg,,25000.0,
V-1064,2025-11-30,Deportes,Mancuernas 5kg,1.0,25000.0,25000.0
V-1065,2025-05-02,Ropa,Sudadera,4.0,28000.0,112000.0
V-1066,2025-09-04,Ropa,Sudadera,1.0,28000.0,28000.0
V-1067,2025-03-26,Libros,Novela de Ciencia Ficción,4.0,15000.0,60000.0
V-1068,2025-05-16,Libros,Biografía de Innovadores,4.0,22000.0,88000.0
V-1069,2025-12-23,Deportes,Botella de Agua Inoxidable,2.0,14000.0,28000.0
V-1070,2025-04-08,Hogar,Cafetera Expreso,1.0,120000.0,120000.0
V-1071,2025-10-24,Deportes,Mancuernas 5kg,3.0,25000.0,75000.0
V-1072,2025-01-30,Electrónica,Cargador Rápido,4.0,15000.0,60000.0
V-1073,2025-09-15,Deportes,Tapete de Yoga,1.0,18000.0,18000.0
V-1074,2025-09-18,Electrónica,Mouse Gamer,1.0,25000.0,25000.0
V-1075,2025-11-01,Electrónica,Mouse Gamer,4.0,25000.0,100000.0
V-1076,2025-03-03,Deportes,Tapete de Yoga,5.0,18000.0,90000.0
V-1077,2025-11-01,Electrónica,Cargador Rápido,1.0,15000.0,15000.0
V-1078,2025-08-03,Deportes,Cuerda para Saltar,5.0,8000.0,40000.0
V-1079,2025-06-11,Hogar,Cafetera Expreso,3.0,120000.0,360000.0
V-1080,2025-05-03,Hogar,Sartén Antiadherente,2.0,30000.0,60000.0
V-1081,2025-12-10,Hogar,Sartén Antiadherente,3.0,30000.0,90000.0
V-1082,2025-02-07,Electrónica,Auriculares Bluetooth,5.0,35000.0,175000.0
V-1083,2025-10-16,Electrónica,Teclado Mecánico,5.0,45000.0,225000.0
V-1084,2025-04-20,Deportes,Balón de Fútbol,2.0,30000.0,60000.0
V-1085,2025-06-28,Electrónica,Mouse Gamer,,25000.0,
V-1086,2025-05-26,Ropa,Sudadera,5.0,28000.0,140000.0
V-1087,2025-12-27,Hogar,Organizador de Zapatos,5.0,180000.0,900000.0
V-1088,2025-01-05,Deportes,Balón de Fútbol,1.0,30000.0,30000.0
V-1089,2025-03-10,Hogar,Lámpara de Escritorio,1.0,22000.0,22000.0
V-1090,2025-10-11,Ropa,Chaqueta de Invierno,3.0,75000.0,225000.0
V-1091,2025-11-06,Ropa,Chaqueta de Invierno,2.0,75000.0,150000.0
V-1092,2025-12-18,Hogar,Organizador de Zapatos,4.0,180000.0,720000.0
V-1093,2025-05-09,Electrónica,Teclado Mecánico,4.0,45000.0,180000.0
V-1094,2025-05-22,Electrónica,Teclado Mecánico,3.0,45000.0,135000.0
V-1095,2025-03-08,Hogar,Cafetera Expreso,4.0,120000.0,480000.0
V-1096,2025-10-10,Libros,Cómic de Superhéroes,1.0,12000.0,12000.0
V-1097,2025-02-27,Electrónica,Mouse Gamer,5.0,25000.0,125000.0
V-1098,2025-01-19,Hogar,Organizador de Zapatos,5.0,180000.0,900000.0
V-1099,2025-03-17,Libros,Manual de Python,1.0,28000.0,28000.0
V-1100,2025-06-07,Hogar,Lámpara de Escritorio,3.0,22000.0,66000.0
V-1101,2025-04-18,Ropa,Camiseta Algodón,3.0,12000.0,36000.0
V-1102,2025-10-14,Libros,Cómic de Superhéroes,2.0,12000.0,24000.0
V-1103,2025-05-02,Ropa,Jeans Slim Fit,4.0,35000.0,140000.0
V-1104,2025-01-13,Ropa,Chaqueta de Invierno,4.0,75000.0,300000.0
V-1105,2025-12-09,Ropa,Chaqueta de Invierno,2.0,75000.0,150000.0
V-1106,2025-12-26,Electrónica,Auriculares Bluetooth,1.0,35000.0,35000.0
V-1107,2025-08-29,Ropa,Jeans Slim Fit,4.0,35000.0,140000.0
V-1108,2025-06-29,Hogar,Cafetera Expreso,2.0,120000.0,240000.0
V-1109,2025-01-13,Ropa,Sudadera,3.0,28000.0,84000.0
V-1110,2025-05-23,Electrónica,"Monitor 24""",3.0,180000.0,540000.0
V-1111,2025-11-25,Deportes,Botella de Agua Inoxidable,5.0,,
V-1112,2025-06-19,Electrónica,Teclado Mecánico,3.0,45000.0,135000.0
V-1113,2025-04-02,Deportes,Balón de Fútbol,1.0,30000.0,30000.0
V-1114,2025-02-25,Deportes,Botella de Agua Inoxidable,3.0,14000.0,42000.0
V-1115,2025-06-10,Libros,Cómic de Superhéroes,5.0,12000.0,60000.0
V-1116,2025-03-01,Libros,Cómic de Superhéroes,2.0,12000.0,24000.0
V-1117,2025-05-11,Electrónica,Auriculares Bluetooth,1.0,35000.0,35000.0
V-1118,2025-09-24,Deportes,Tapete de Yoga,3.0,18000.0,54000.0
V-1119,2025-08-09,Electrónica,"Monitor 24""",5.0,180000.0,900000.0
V-1120,2025-06-10,Electrónica,"Monitor 24""",5.0,180000.0,900000.0
V-1121,2025-06-08,Libros,Biografía de Innovadores,4.0,22000.0,88000.0
V-1122,2025-12-23,Hogar,Organizador de Zapatos,2.0,180000.0,360000.0
V-1123,2025-04-09,Libros,Libro de Cocina,2.0,18000.0,36000.0
V-1124,2025-11-12,Deportes,Balón de Fútbol,4.0,30000.0,120000.0
V-1125,2025-10-08,Electrónica,"Monitor 24""",3.0,180000.0,540000.0
V-1126,2025-04-18,Libros,Cómic de Superhéroes,5.0,12000.0,60000.0
V-1127,2025-12-02,Hogar,Sartén Antiadherente,4.0,30000.0,120000.0
V-1128,2025-08-15,Ropa,Medias Deportivas,4.0,5000.0,20000.0
V-1129,2025-03-28,Electrónica,"Monitor 24""",5.0,180000.0,900000.0
V-1130,2025-12-06,Deportes,Balón de Fútbol,1.0,30000.0,30000.0
V-1131,2025-05-01,Hogar,Cafetera Expreso,2.0,120000.0,240000.0
V-1132,2025-03-17,Electrónica,Teclado Mecánico,2.0,45000.0,90000.0
V-1133,2025-09-01,Deportes,Mancuernas 5kg,4.0,25000.0,100000.0
V-1134,2025-08-01,Deportes,Tapete de Yoga,4.0,18000.0,72000.0
V-1135,2025-09-11,Libros,Manual de Python,2.0,28000.0,56000.0
V-1136,2025-12-02,Electrónica,Teclado Mecánico,4.0,45000.0,180000.0
V-1137,2025-04-23,Ropa,Medias Deportivas,4.0,,
V-1138,2025-01-26,Deportes,Tapete de Yoga,1.0,18000.0,18000.0
V-1139,2025-08-22,Ropa,Sudadera,5.0,28000.0,140000.0
V-1140,2025-10-14,Deportes,Balón de Fútbol,4.0,30000.0,120000.0
V-1141,2025-11-10,Deportes,Botella de Agua Inoxidable,5.0,14000.0,70000.0
V-1142,2025-08-17,,Sudadera,4.0,28000.0,112000.0
V-1143,2025-05-13,Ropa,Chaqueta de Invierno,5.0,75000.0,375000.0
V-1144,2025-09-06,Ropa,Chaqueta de Invierno,4.0,75000.0,300000.0
V-1145,2025-02-09,Hogar,Cafetera Expreso,3.0,120000.0,360000.0
V-1146,2025-06-21,Hogar,Organizador de Zapatos,1.0,180000.0,180000.0
V-1147,2025-03-12,Ropa,Jeans Slim Fit,4.0,35000.0,140000.0
V-1148,2025-12-22,Ropa,Jeans Slim Fit,1.0,35000.0,35000.0
V-1149,2025-08-01,Libros,Biografía de Innovadores,5.0,,
V-1150,2025-08-27,Libros,Novela de Ciencia Ficción,2.0,15000.0,30000.0
V-1151,2025-08-04,Libros,Cómic de Superhéroes,1.0,12000.0,12000.0
V-1152,2025-10-22,Libros,Libro de Cocina,1.0,18000.0,18000.0
V-1153,2025-06-30,Hogar,Sartén Antiadherente,4.0,30000.0,120000.0
V-1154,2025-10-03,Deportes,Cuerda para Saltar,2.0,8000.0,16000.0
V-1155,2025-09-07,Ropa,Chaqueta de Invierno,4.0,75000.0,300000.0
V-1156,2025-09-06,Electrónica,Auriculares Bluetooth,3.0,35000.0,105000.0
V-1157,2025-12-09,Libros,Manual de Python,4.0,28000.0,112000.0
V-1158,2025-03-07,Deportes,Cuerda para Saltar,1.0,8000.0,8000.0
V-1159,2025-07-21,Deportes,Cuerda para Saltar,1.0,8000.0,8000.0
V-1160,2025-02-12,Libros,Manual de Python,4.0,28000.0,112000.0
V-1161,2025-04-04,Electrónica,"Monitor 24""",4.0,180000.0,720000.0
V-1162,2025-06-17,Ropa,Sudadera,3.0,28000.0,84000.0
V-1163,2025-06-22,Libros,Biografía de Innovadores,4.0,22000.0,88000.0
V-1164,2025-05-10,Electrónica,Auriculares Bluetooth,1.0,35000.0,35000.0
V-1165,2025-10-04,Electrónica,"Monitor 24""",2.0,180000.0,360000.0
V-1166,2025-11-29,Electrónica,Teclado Mecánico,1.0,45000.0,45000.0
V-1167,2025-05-07,Ropa,Camiseta Algodón,5.0,9999999.0,49999995.0
V-1168,2025-03-20,Ropa,Jeans Slim Fit,4.0,35000.0,140000.0
V-1169,2025-12-09,Electrónica,Cargador Rápido,2.0,15000.0,30000.0
V-1170,2025-08-27,Hogar,Juego de Sábanas,2.0,40000.0,80000.0
V-1171,2025-11-07,Deportes,Mancuernas 5kg,2.0,25000.0,50000.0
V-1172,2025-06-09,Electrónica,Cargador Rápido,1.0,15000.0,15000.0
V-1173,2025-06-09,Deportes,Botella de Agua Inoxidable,4.0,14000.0,56000.0
V-1174,2025-04-12,Electrónica,Cargador Rápido,,15000.0,
V-1175,2025-02-22,Hogar,Organizador de Zapatos,1.0,180000.0,180000.0
V-1176,2025-10-17,Electrónica,"Monitor 24""",5.0,180000.0,900000.0
V-1177,2025-08-08,Hogar,Lámpara de Escritorio,5.0,22000.0,110000.0
V-1178,2025-11-28,Hogar,Lámpara de Escritorio,4.0,22000.0,88000.0
V-1179,2025-09-08,Electrónica,Auriculares Bluetooth,3.0,35000.0,105000.0
V-1180,2025-11-22,Libros,Manual de Python,4.0,28000.0,112000.0
V-1181,2025-04-01,Deportes,Balón de Fútbol,5.0,30000.0,150000.0
V-1182,2025-10-03,Libros,Libro de Cocina,4.0,18000.0,72000.0
V-1183,2025-10-31,Hogar,Juego de Sábanas,2.0,40000.0,80000.0
V-1184,2025-02-14,Hogar,Sartén Antiadherente,2.0,30000.0,60000.0
V-1185,2025-08-26,Deportes,Cuerda para Saltar,4.0,8000.0,32000.0
V-1186,2025-06-22,Electrónica,Auriculares Bluetooth,3.0,35000.0,105000.0
V-1187,2025-04-04,Libros,Manual de Python,3.0,28000.0,84000.0
V-1188,2025-05-13,Hogar,Juego de Sábanas,5.0,40000.0,200000.0
V-1189,2025-12-26,Hogar,Organizador de Zapatos,1.0,180000.0,180000.0
V-1190,2025-09-22,Ropa,Camiseta Algodón,2.0,12000.0,24000.0
V-1191,2025-07-28,Libros,Cómic de Superhéroes,2.0,12000.0,24000.0
V-1192,2025-12-20,Libros,Libro de Cocina,4.0,18000.0,72000.0
V-1193,2025-01-09,Electrónica,"Monitor 24""",2.0,180000.0,360000.0
V-1194,2025-07-27,Ropa,Chaqueta de Invierno,5.0,75000.0,375000.0
V-1195,2025-07-08,Libros,Cómic de Superhéroes,5.0,12000.0,60000.0
V-1196,2025-06-26,Libros,Cómic de Superhéroes,3.0,12000.0,36000.0
V-1197,2025-06-30,Libros,Biografía de Innovadores,3.0,22000.0,66000.0
V-1198,2025-05-09,Ropa,Camiseta Algodón,2.0,12000.0,24000.0
V-1199,2025-06-11,Electrónica,Cargador Rápido,2.0,15000.0,30000.0
V-1200,2025-04-09,Ropa,Sudadera,3.0,28000.0,84000.0
V-1201,2025-10-29,Deportes,Cuerda para Saltar,3.0,,
V-1202,2025-02-21,Ropa,Chaqueta de Invierno,2.0,75000.0,150000.0
V-1203,2025-07-04,Ropa,Chaqueta de Invierno,1.0,75000.0,75000.0
V-1204,2025-12-29,,Tapete de Yoga,3.0,18000.0,54000.0
V-1205,2025-01-24,Electrónica,Cargador Rápido,3.0,15000.0,45000.0
V-1206,2025-12-24,Ropa,Sudadera,1.0,28000.0,28000.0
V-1207,2025-01-07,Deportes,Balón de Fútbol,4.0,30000.0,120000.0
V-1208,2025-09-03,Libros,Biografía de Innovadores,2.0,22000.0,44000.0
V-1209,2025-01-27,Hogar,Sartén Antiadherente,1.0,30000.0,30000.0
V-1210,2025-02-03,Libros,Libro de Cocina,1.0,18000.0,18000.0
V-1211,2025-10-23,Electrónica,Mouse Gamer,2.0,25000.0,50000.0
V-1212,2025-10-16,Hogar,Lámpara de Escritorio,2.0,22000.0,44000.0
V-1213,2025-03-02,Deportes,Botella de Agua Inoxidable,5.0,14000.0,70000.0
V-1214,2025-11-02,Deportes,Tapete de Yoga,5.0,18000.0,90000.0
V-1215,2025-07-14,Libros,Libro de Cocina,3.0,18000.0,54000.0
V-1216,2025-10-29,Libros,Biografía de Innovadores,5.0,22000.0,110000.0
V-1217,2025-11-14,Electrónica,Cargador Rápido,1.0,15000.0,15000.0
V-1218,2025-04-17,Ropa,Chaqueta de Invierno,1.0,75000.0,75000.0
V-1219,2025-03-22,Ropa,Jeans Slim Fit,5.0,35000.0,175000.0
V-1220,2025-02-08,Ropa,Camiseta Algodón,4.0,12000.0,48000.0
V-1221,2025-08-19,Deportes,Botella de Agua Inoxidable,3.0,14000.0,42000.0
V-1222,2025-01-17,Ropa,Chaqueta de Invierno,3.0,75000.0,225000.0
V-1223,2025-12-26,Libros,Novela de Ciencia Ficción,2.0,15000.0,30000.0
V-1224,2025-05-16,Deportes,Tapete de Yoga,4.0,18000.0,72000.0
V-1225,2025-02-28,Deportes,Tapete de Yoga,2.0,18000.0,36000.0
V-1226,2025-05-17,Ropa,Camiseta Algodón,1.0,12000.0,12000.0
V-1227,2025-03-26,Hogar,Organizador de Zapatos,5.0,180000.0,900000.0
V-1228,2025-05-28,Libros,Novela de Ciencia Ficción,4.0,15000.0,60000.0
V-1229,2025-12-19,Hogar,Sartén Antiadherente,3.0,30000.0,90000.0
V-1230,2025-09-14,Deportes,Botella de Agua Inoxidable,4.0,14000.0,56000.0
V-1231,2025-02-11,Deportes,Mancuernas 5kg,4.0,25000.0,100000.0
V-1232,2025-06-15,Deportes,Balón de Fútbol,1.0,30000.0,30000.0
V-1233,2025-02-16,Ropa,Medias Deportivas,5.0,5000.0,25000.0
V-1234,2025-01-11,Hogar,Organizador de Zapatos,1.0,,
V-1235,2025-03-31,Libros,Cómic de Superhéroes,4.0,12000.0,48000.0
V-1236,2025-05-23,Ropa,Medias Deportivas,4.0,5000.0,20000.0
V-1237,2025-11-22,Libros,Novela de Ciencia Ficción,4.0,15000.0,60000.0
V-1238,2025-06-28,Libros,Biografía de Innovadores,3.0,22000.0,66000.0
V-1239,2025-12-10,Electrónica,Mouse Gamer,3.0,25000.0,75000.0
V-1240,2025-07-30,Libros,Biografía de Innovadores,4.0,22000.0,88000.0
V-1241,2025-10-09,Electrónica,Auriculares Bluetooth,1.0,35000.0,35000.0
V-1242,2025-06-11,Hogar,Juego de Sábanas,1.0,40000.0,40000.0
V-1243,2025-07-26,Deportes,Mancuernas 5kg,5.0,25000.0,125000.0
V-1244,2025-08-25,Libros,Novela de Ciencia Ficción,2.0,15000.0,30000.0
V-1245,2025-09-23,Hogar,Organizador de Zapatos,4.0,180000.0,720000.0
V-1246,2025-11-17,Libros,Novela de Ciencia Ficción,2.0,15000.0,30000.0
V-1247,2025-05-17,Deportes,Tapete de Yoga,3.0,18000.0,54000.0
V-1248,2025-08-13,Libros,Novela de Ciencia Ficción,1.0,15000.0,15000.0
V-1249,2025-11-19,Deportes,Tapete de Yoga,2.0,18000.0,36000.0
V-1250,2025-06-09,Deportes,Mancuernas 5kg,5.0,25000.0,125000.0
V-1251,2025-07-28,Electrónica,Mouse Gamer,1.0,25000.0,25000.0
V-1252,2025-08-25,Electrónica,Mouse Gamer,,25000.0,
V-1253,2025-05-30,Deportes,Balón de Fútbol,4.0,30000.0,120000.0
V-1254,2025-09-05,Libros,Manual de Python,4.0,28000.0,112000.0
V-1255,2025-10-10,Ropa,Sudadera,2.0,28000.0,56000.0
V-1256,2025-11-03,Deportes,Tapete de Yoga,1.0,18000.0,18000.0
V-1257,2025-05-22,Libros,Biografía de Innovadores,5.0,22000.0,110000.0
V-1258,2025-05-17,Electrónica,"Monitor 24""",3.0,180000.0,540000.0
V-1259,2025-10-28,Deportes,Botella de Agua Inoxidable,2.0,14000.0,28000.0
V-1260,2025-08-17,Deportes,Botella de Agua Inoxidable,3.0,14000.0,42000.0
V-1261,2025-06-20,Deportes,Cuerda para Saltar,4.0,8000.0,32000.0
V-1262,2025-08-22,Hogar,Cafetera Expreso,2.0,,
V-1263,2025-10-20,Libros,Manual de Python,4.0,28000.0,112000.0
V-1264,2025-01-23,Hogar,Sartén Antiadherente,4.0,30000.0,120000.0
V-1265,2025-07-17,Ropa,Sudadera,1.0,28000.0,28000.0
V-1266,2025-03-06,Deportes,Cuerda para Saltar,3.0,8000.0,24000.0
V-1267,2025-02-21,Libros,Novela de Ciencia Ficción,5.0,15000.0,75000.0
V-1268,2025-08-22,Electrónica,Mouse Gamer,4.0,25000.0,100000.0
V-1269,2025-12-02,Ropa,Camiseta Algodón,4.0,12000.0,48000.0
V-1270,2025-05-16,Hogar,Organizador de Zapatos,4.0,180000.0,720000.0
V-1271,2025-11-29,Electrónica,"Monitor 24""",5.0,180000.0,900000.0
V-1272,2025-07-14,Hogar,Sartén Antiadherente,5.0,30000.0,150000.0
V-1273,2025-01-19,Deportes,Mancuernas 5kg,2.0,25000.0,50000.0
V-1274,2025-11-20,Hogar,Cafetera Expreso,1.0,120000.0,120000.0
V-1275,2025-08-11,Electrónica,Teclado Mecánico,-3.0,45000.0,-135000.0
V-1276,2025-03-27,Hogar,Lámpara de Escritorio,1.0,22000.0,22000.0
V-1277,2025-06-16,Electrónica,"Monitor 24""",3.0,180000.0,540000.0
V-1278,2025-07-11,Libros,Manual de Python,2.0,28000.0,56000.0
V-1279,2025-09-29,Libros,Cómic de Superhéroes,,12000.0,
V-1280,2025-03-29,Ropa,Camiseta Algodón,5.0,12000.0,60000.0
V-1281,2025-07-15,Deportes,Tapete de Yoga,4.0,18000.0,72000.0
V-1282,2025-10-26,Ropa,Jeans Slim Fit,4.0,35000.0,140000.0
V-1283,2025-11-23,Hogar,Sartén Antiadherente,3.0,30000.0,90000.0
V-1284,2025-12-08,Electrónica,Auriculares Bluetooth,3.0,35000.0,105000.0
V-1285,2025-12-13,Deportes,Tapete de Yoga,1.0,18000.0,18000.0
V-1286,2025-08-15,Hogar,Organizador de Zapatos,3.0,9999999.0,29999997.0
V-1287,2025-11-24,Libros,Biografía de Innovadores,4.0,22000.0,88000.0
V-1288,2025-06-04,Ropa,Sudadera,4.0,28000.0,112000.0
V-1289,2025-02-24,Ropa,Sudadera,,28000.0,
V-1290,2025-07-03,Deportes,Balón de Fútbol,3.0,30000.0,90000.0
V-1291,2025-01-12,Libros,Biografía de Innovadores,1.0,,
V-1292,2025-10-17,Electrónica,Cargador Rápido,4.0,15000.0,60000.0
V-1293,2025-05-27,Ropa,Medias Deportivas,3.0,5000.0,15000.0
V-1294,2025-04-23,Ropa,Medias Deportivas,3.0,5000.0,15000.0
V-1295,2025-12-14,Ropa,Camiseta Algodón,,12000.0,
V-1296,2025-06-08,Libros,Novela de Ciencia Ficción,5.0,15000.0,75000.0
V-1297,2025-07-06,Ropa,Camiseta Algodón,3.0,12000.0,36000.0
V-1298,2025-06-17,Libros,Manual de Python,2.0,28000.0,56000.0
V-1299,2025-03-09,Deportes,Balón de Fútbol,5.0,30000.0,150000.0
V-1300,2025-09-14,Hogar,Cafetera Expreso,3.0,120000.0,360000.0
V-1301,2025-09-04,Hogar,Juego de Sábanas,1.0,40000.0,40000.0
V-1302,2025-08-28,Electrónica,Mouse Gamer,2.0,25000.0,50000.0
V-1303,2025-12-13,Libros,Cómic de Superhéroes,3.0,12000.0,36000.0
V-1304,2025-02-16,Libros,Novela de Ciencia Ficción,3.0,15000.0,45000.0
V-1305,2025-10-02,Electrónica,Auriculares Bluetooth,3.0,35000.0,105000.0
V-1306,2025-12-11,Hogar,Organizador de Zapatos,4.0,180000.0,720000.0
V-1307,2025-11-23,Hogar,Lámpara de Escritorio,2.0,22000.0,44000.0
V-1308,2025-08-30,Electrónica,Cargador Rápido,5.0,15000.0,75000.0
V-1309,2025-06-17,Deportes,Tapete de Yoga,1.0,18000.0,18000.0
V-1310,2025-11-22,Libros,Biografía de Innovadores,4.0,22000.0,88000.0
V-1311,2025-03-01,Ropa,Camiseta Algodón,1.0,12000.0,12000.0
V-1312,2025-06-05,,Novela de Ciencia Ficción,1.0,15000.0,15000.0
V-1313,2025-05-01,Deportes,Tapete de Yoga,4.0,18000.0,72000.0
V-1314,2025-08-21,Hogar,Organizador de Zapatos,4.0,180000.0,720000.0
V-1315,2025-10-28,Ropa,Sudadera,1.0,28000.0,28000.0
V-1316,2025-09-08,Deportes,Botella de Agua Inoxidable,3.0,14000.0,42000.0
V-1317,2025-01-17,Hogar,Cafetera Expreso,4.0,120000.0,480000.0
V-1318,2025-08-16,Ropa,Chaqueta de Invierno,1.0,75000.0,75000.0
V-1319,2025-12-18,Hogar,Organizador de Zapatos,3.0,180000.0,540000.0
V-1320,2025-02-01,Libros,Biografía de Innovadores,,22000.0,
V-1321,2025-03-04,Libros,Novela de Ciencia Ficción,2.0,15000.0,30000.0
V-1322,2025-11-25,Deportes,Mancuernas 5kg,1.0,25000.0,25000.0
V-1323,2025-06-20,Ropa,Jeans Slim Fit,5.0,35000.0,175000.0
V-1324,2025-04-16,Electrónica,Cargador Rápido,2.0,15000.0,30000.0
V-1325,2025-10-28,Ropa,Jeans Slim Fit,3.0,35000.0,105000.0
V-1326,2025-03-17,Deportes,Mancuernas 5kg,3.0,25000.0,75000.0
V-1327,2025-03-16,Ropa,Medias Deportivas,3.0,5000.0,15000.0
V-1328,2025-03-31,Electrónica,Teclado Mecánico,2.0,45000.0,90000.0
V-1329,2025-01-08,Hogar,Cafetera Expreso,5.0,,
V-1330,2025-06-15,Electrónica,Mouse Gamer,3.0,25000.0,75000.0
V-1331,2025-01-27,Ropa,Sudadera,5.0,28000.0,140000.0
V-1332,2025-02-28,Electrónica,Auriculares Bluetooth,4.0,35000.0,140000.0
V-1333,2025-07-05,Deportes,Cuerda para Saltar,1.0,8000.0,8000.0
V-1334,2025-08-20,Deportes,Tapete de Yoga,5.0,18000.0,90000.0
V-1335,2025-01-23,Deportes,Balón de Fútbol,4.0,30000.0,120000.0
V-1336,2025-11-26,Electrónica,Teclado Mecánico,4.0,45000.0,180000.0
V-1337,2025-07-25,Libros,Novela de Ciencia Ficción,4.0,15000.0,60000.0
V-1338,2025-12-31,Libros,Novela de Ciencia Ficción,1.0,15000.0,15000.0
V-1339,2025-06-14,Deportes,Tapete de Yoga,1.0,18000.0,18000.0
V-1340,2025-03-06,Hogar,Organizador de Zapatos,5.0,180000.0,900000.0
V-1341,2025-10-08,Hogar,Sartén Antiadherente,5.0,30000.0,150000.0
V-1342,2025-09-29,Hogar,Sartén Antiadherente,5.0,30000.0,150000.0
V-1343,2025-11-06,Libros,Novela de Ciencia Ficción,1.0,15000.0,15000.0
V-1344,2025-12-02,Deportes,Tapete de Yoga,4.0,18000.0,72000.0
V-1345,2025-08-20,Ropa,Sudadera,-1.0,28000.0,-28000.0
V-1346,2025-08-21,Libros,Libro de Cocina,1.0,18000.0,18000.0
V-1347,2025-06-10,Libros,Biografía de Innovadores,3.0,22000.0,66000.0
V-1348,2025-07-11,Ropa,Sudadera,1.0,28000.0,28000.0
V-1349,2025-02-16,Electrónica,Teclado Mecánico,4.0,45000.0,180000.0
V-1350,2025-02-19,Hogar,Cafetera Expreso,5.0,120000.0,600000.0
V-1351,2025-01-31,Deportes,Cuerda para Saltar,5.0,8000.0,40000.0
V-1352,2025-06-18,Electrónica,Auriculares Bluetooth,3.0,35000.0,105000.0
V-1353,2025-12-07,Libros,Novela de Ciencia Ficción,3.0,15000.0,45000.0
V-1354,2025-11-04,Hogar,Juego de Sábanas,1.0,40000.0,40000.0
V-1355,2025-10-23,Deportes,Tapete de Yoga,2.0,18000.0,36000.0
V-1356,2025-12-03,Libros,Manual de Python,1.0,28000.0,28000.0
V-1357,2025-06-29,Deportes,Balón de Fútbol,1.0,30000.0,30000.0
V-1358,2025-05-23,Deportes,Tapete de Yoga,4.0,18000.0,72000.0
V-1359,2025-10-15,Deportes,Cuerda para Saltar,5.0,9999999.0,49999995.0
V-1360,2025-01-14,Deportes,Balón de Fútbol,1.0,30000.0,30000.0
V-1361,2025-04-03,Hogar,Juego de Sábanas,3.0,40000.0,120000.0
V-1362,2025-06-29,Electrónica,Mouse Gamer,2.0,25000.0,50000.0
V-1363,2025-10-17,Libros,Novela de Ciencia Ficción,2.0,15000.0,30000.0
V-1364,2025-11-21,Electrónica,Teclado Mecánico,5.0,45000.0,225000.0
V-1365,2025-04-21,Libros,Libro de Cocina,4.0,18000.0,72000.0
V-1366,2025-06-24,Ropa,Chaqueta de Invierno,3.0,75000.0,225000.0
V-1367,2025-06-16,Deportes,Cuerda para Saltar,1.0,8000.0,8000.0
V-1368,2025-01-27,Ropa,Jeans Slim Fit,5.0,35000.0,175000.0
V-1369,2025-01-26,Electrónica,"Monitor 24""",4.0,180000.0,720000.0
V-1370,2025-12-05,Libros,Libro de Cocina,5.0,18000.0,90000.0
V-1371,2025-08-15,Libros,Biografía de Innovadores,2.0,,
V-1372,2025-09-20,Electrónica,"Monitor 24""",4.0,180000.0,720000.0
V-1373,2025-02-26,Hogar,Organizador de Zapatos,4.0,180000.0,720000.0
V-1374,2025-09-27,Hogar,Lámpara de Escritorio,2.0,22000.0,44000.0
V-1375,2025-07-22,Deportes,Mancuernas 5kg,1.0,25000.0,25000.0
V-1376,2025-04-15,Hogar,Cafetera Expreso,2.0,,
V-1377,2025-05-11,Hogar,Juego de Sábanas,1.0,40000.0,40000.0
V-1378,2025-01-04,Libros,Libro de Cocina,2.0,18000.0,36000.0
V-1379,2025-03-08,Libros,Cómic de Superhéroes,2.0,12000.0,24000.0
V-1380,2025-09-14,Deportes,Balón de Fútbol,1.0,30000.0,30000.0
V-1381,2025-07-23,Electrónica,Auriculares Bluetooth,1.0,35000.0,35000.0
V-1382,2025-08-24,Electrónica,"Monitor 24""",5.0,180000.0,900000.0
V-1383,2025-08-08,Deportes,Botella de Agua Inoxidable,4.0,14000.0,56000.0
V-1384,2025-05-29,Electrónica,Auriculares Bluetooth,1.0,35000.0,35000.0
V-1385,2025-06-16,Ropa,Medias Deportivas,4.0,5000.0,20000.0
V-1386,2025-12-20,Hogar,Lámpara de Escritorio,4.0,22000.0,88000.0
V-1387,2025-02-24,Ropa,Sudadera,5.0,28000.0,140000.0
V-1388,2025-07-25,Deportes,Mancuernas 5kg,4.0,25000.0,100000.0
V-1389,2025-06-08,Hogar,Cafetera Expreso,3.0,120000.0,360000.0
V-1390,2025-03-28,Electrónica,Cargador Rápido,1.0,15000.0,15000.0
V-1391,2025-09-29,Deportes,Tapete de Yoga,3.0,18000.0,54000.0
V-1392,2025-06-29,Ropa,Jeans Slim Fit,1.0,35000.0,35000.0
V-1393,2025-03-16,Hogar,Cafetera Expreso,2.0,120000.0,240000.0
V-1394,2025-11-05,Ropa,Camiseta Algodón,2.0,12000.0,24000.0
V-1395,2025-11-18,Libros,Libro de Cocina,5.0,18000.0,90000.0
V-1396,2025-10-24,,Cómic de Superhéroes,5.0,12000.0,60000.0
V-1397,2025-06-15,Hogar,Cafetera Expreso,4.0,,
V-1398,2025-02-04,Libros,Libro de Cocina,3.0,18000.0,54000.0
V-1399,2025-05-21,Deportes,Mancuernas 5kg,3.0,25000.0,75000.0
V-1400,2025-09-17,Electrónica,"Monitor 24""",4.0,180000.0,720000.0
V-1401,2025-08-20,Electrónica,Teclado Mecánico,3.0,45000.0,135000.0
V-1402,2025-05-27,Electrónica,Teclado Mecánico,5.0,45000.0,225000.0
V-1403,2025-11-01,Deportes,Botella de Agua Inoxidable,4.0,14000.0,56000.0
V-1404,2025-10-25,Deportes,Mancuernas 5kg,4.0,,
V-1405,2025-10-20,Ropa,Chaqueta de Invierno,5.0,75000.0,375000.0
V-1406,2025-09-01,Deportes,Tapete de Yoga,1.0,18000.0,18000.0
V-1407,2025-08-19,Electrónica,"Monitor 24""",1.0,180000.0,180000.0
V-1408,2025-09-16,Ropa,Camiseta Algodón,2.0,12000.0,24000.0
V-1409,2025-12-29,Libros,Libro de Cocina,5.0,18000.0,90000.0
V-1410,2025-09-25,Deportes,Tapete de Yoga,3.0,18000.0,54000.0
V-1411,2025-07-10,Hogar,Sartén Antiadherente,4.0,30000.0,120000.0
V-1412,2025-06-23,Deportes,Mancuernas 5kg,3.0,25000.0,75000.0
V-1413,2025-02-03,Hogar,Lámpara de Escritorio,5.0,22000.0,110000.0
V-1414,2025-12-14,Libros,Biografía de Innovadores,3.0,22000.0,66000.0
V-1415,2025-12-03,Deportes,Tapete de Yoga,3.0,18000.0,54000.0
V-1416,2025-02-11,Deportes,Tapete de Yoga,3.0,18000.0,54000.0
V-1417,2025-06-08,Libros,Manual de Python,5.0,28000.0,140000.0
V-1418,2025-12-29,Electrónica,"Monitor 24""",5.0,180000.0,900000.0
V-1419,2025-07-12,Hogar,Cafetera Expreso,5.0,120000.0,600000.0
V-1420,2025-02-17,Libros,Cómic de Superhéroes,3.0,12000.0,36000.0
V-1421,2025-01-10,Hogar,Juego de Sábanas,2.0,40000.0,80000.0
V-1422,2025-04-20,Hogar,Sartén Antiadherente,2.0,30000.0,60000.0
V-1423,2025-04-26,Ropa,Jeans Slim Fit,1.0,35000.0,35000.0
V-1424,2025-06-01,Electrónica,Cargador Rápido,5.0,15000.0,75000.0
V-1425,2025-09-27,Electrónica,"Monitor 24""",5.0,180000.0,900000.0
V-1426,2025-03-09,Deportes,Botella de Agua Inoxidable,2.0,14000.0,28000.0
V-1427,2025-03-25,Ropa,Medias Deportivas,2.0,5000.0,10000.0
V-1428,2025-08-13,Electrónica,Auriculares Bluetooth,3.0,35000.0,105000.0
V-1429,2025-12-13,Ropa,Sudadera,5.0,28000.0,140000.0
V-1430,2025-05-26,Libros,Manual de Python,,28000.0,
V-1431,2025-05-03,Hogar,Sartén Antiadherente,2.0,30000.0,60000.0
V-1432,2025-07-08,Deportes,Botella de Agua Inoxidable,4.0,14000.0,56000.0
V-1433,2025-05-25,Libros,Cómic de Superhéroes,,12000.0,
V-1434,2025-08-03,Ropa,Jeans Slim Fit,5.0,35000.0,175000.0
V-1435,2025-03-12,Hogar,Lámpara de Escritorio,4.0,22000.0,88000.0
V-1436,2025-07-10,Deportes,Mancuernas 5kg,5.0,25000.0,125000.0
V-1437,2025-03-05,Hogar,Lámpara de Escritorio,2.0,22000.0,44000.0
V-1438,2025-05-20,Libros,Cómic de Superhéroes,2.0,12000.0,24000.0
V-1439,2025-08-12,Electrónica,Mouse Gamer,4.0,25000.0,100000.0
V-1440,2025-06-28,Electrónica,Auriculares Bluetooth,1.0,35000.0,35000.0
V-1441,2025-07-22,Deportes,Balón de Fútbol,2.0,30000.0,60000.0
V-1442,2025-07-17,Electrónica,"Monitor 24""",2.0,180000.0,360000.0
V-1443,2025-01-15,Hogar,Lámpara de Escritorio,3.0,22000.0,66000.0
V-1444,2025-03-16,Ropa,Camiseta Algodón,3.0,12000.0,36000.0
V-1445,2025-08-30,Ropa,Sudadera,4.0,28000.0,112000.0
V-1446,2025-11-12,Electrónica,Teclado Mecánico,1.0,45000.0,45000.0
V-1447,2025-05-12,Ropa,Jeans Slim Fit,5.0,35000.0,175000.0
V-1448,2025-11-08,Deportes,Botella de Agua Inoxidable,1.0,14000.0,14000.0
V-1449,2025-05-28,Ropa,Chaqueta de Invierno,1.0,75000.0,75000.0
V-1450,2025-01-25,Ropa,Sudadera,,28000.0,
V-1451,2025-08-23,Electrónica,Teclado Mecánico,4.0,45000.0,180000.0
V-1452,2025-11-02,Deportes,Mancuernas 5kg,5.0,,
V-1453,2025-10-22,Ropa,Jeans Slim Fit,-4.0,35000.0,-140000.0
V-1454,2025-08-08,Electrónica,Cargador Rápido,3.0,15000.0,45000.0
V-1455,2025-05-04,Deportes,Botella de Agua Inoxidable,2.0,14000.0,28000.0
V-1456,2025-12-07,Electrónica,Cargador Rápido,3.0,15000.0,45000.0
V-1457,2025-02-04,Deportes,Cuerda para Saltar,5.0,8000.0,40000.0
V-1458,2025-09-17,Deportes,Mancuernas 5kg,4.0,25000.0,100000.0
V-1459,2025-08-29,Electrónica,Auriculares Bluetooth,3.0,35000.0,105000.0
V-1460,2025-05-10,Electrónica,"Monitor 24""",1.0,180000.0,180000.0
V-1461,2025-06-26,Ropa,Camiseta Algodón,5.0,12000.0,60000.0
V-1462,2025-06-20,Ropa,Camiseta Algodón,3.0,12000.0,36000.0
V-1463,2025-10-07,Hogar,Cafetera Expreso,4.0,120000.0,480000.0
V-1464,2025-12-23,Libros,Manual de Python,2.0,28000.0,56000.0
V-1465,2025-02-02,Libros,Novela de Ciencia Ficción,3.0,15000.0,45000.0
V-1466,2025-04-14,Electrónica,Mouse Gamer,1.0,25000.0,25000.0
V-1467,2025-06-11,Hogar,Organizador de Zapatos,4.0,180000.0,720000.0
V-1468,2025-10-06,Libros,Biografía de Innovadores,1.0,22000.0,22000.0
V-1469,2025-11-28,Ropa,Chaqueta de Invierno,3.0,75000.0,225000.0
V-1470,2025-01-25,Hogar,Juego de Sábanas,1.0,40000.0,40000.0
V-1471,2025-07-08,Libros,Libro de Cocina,4.0,18000.0,72000.0
V-1472,2025-07-17,Hogar,Cafetera Expreso,4.0,120000.0,480000.0
V-1473,2025-12-21,Libros,Biografía de Innovadores,5.0,22000.0,110000.0
V-1474,2025-05-17,Electrónica,Auriculares Bluetooth,1.0,35000.0,35000.0
V-1475,2025-08-09,Deportes,Tapete de Yoga,5.0,18000.0,90000.0
V-1476,2025-05-31,Hogar,Lámpara de Escritorio,1.0,22000.0,22000.0
V-1477,2025-06-17,Hogar,Juego de Sábanas,4.0,40000.0,160000.0
V-1478,2025-11-05,Libros,Manual de Python,4.0,28000.0,112000.0
V-1479,2025-06-29,Libros,Novela de Ciencia Ficción,3.0,15000.0,45000.0
V-1480,2025-11-11,,Biografía de Innovadores,1.0,22000.0,22000.0
V-1481,2025-02-08,Libros,Biografía de Innovadores,5.0,22000.0,110000.0
V-1482,2025-12-14,Ropa,Camiseta Algodón,2.0,12000.0,24000.0
V-1483,2025-11-08,Libros,Novela de Ciencia Ficción,2.0,15000.0,30000.0
V-1484,2025-02-04,Ropa,Chaqueta de Invierno,3.0,75000.0,225000.0
V-1485,2025-07-16,Deportes,Mancuernas 5kg,5.0,25000.0,125000.0
V-1486,2025-03-20,Libros,Biografía de Innovadores,3.0,22000.0,66000.0
V-1487,2025-08-16,Electrónica,Cargador Rápido,2.0,15000.0,30000.0
V-1488,2025-09-29,Hogar,Sartén Antiadherente,3.0,30000.0,90000.0
V-1489,2025-11-29,Hogar,Cafetera Expreso,1.0,120000.0,120000.0
V-1490,2025-01-14,Ropa,Sudadera,5.0,28000.0,140000.0
V-1491,2025-07-18,Deportes,Mancuernas 5kg,3.0,25000.0,75000.0
V-1492,2025-05-14,Libros,Manual de Python,5.0,28000.0,140000.0
V-1493,2025-05-27,Libros,Manual de Python,1.0,28000.0,28000.0
V-1494,2025-03-11,Electrónica,Auriculares Bluetooth,2.0,35000.0,70000.0
V-1495,2025-08-16,Electrónica,"Monitor 24""",3.0,180000.0,540000.0
V-1496,2025-12-30,Electrónica,Cargador Rápido,5.0,15000.0,75000.0
V-1497,2025-05-29,Hogar,Cafetera Expreso,2.0,120000.0,240000.0
V-1498,2025-07-05,Deportes,Tapete de Yoga,1.0,18000.0,18000.0
V-1499,2025-04-13,Ropa,Jeans Slim Fit,4.0,35000.0,140000.0
V-1500,2025-01-14,Hogar,Organizador de Zapatos,5.0,180000.0,900000.0
V-1501,2025-07-08,Libros,Cómic de Superhéroes,2.0,12000.0,24000.0
V-1502,2025-11-10,Electrónica,Teclado Mecánico,3.0,45000.0,135000.0
V-1503,2025-07-23,Libros,Cómic de Superhéroes,4.0,12000.0,48000.0
V-1504,2025-07-29,Deportes,Mancuernas 5kg,2.0,25000.0,50000.0
V-1505,2025-06-12,Electrónica,Auriculares Bluetooth,4.0,35000.0,140000.0
V-1506,2025-12-15,Deportes,Balón de Fútbol,2.0,30000.0,60000.0
V-1507,2025-10-10,Deportes,Tapete de Yoga,2.0,18000.0,36000.0
V-1508,2025-08-10,Deportes,Mancuernas 5kg,1.0,25000.0,25000.0
V-1509,2025-09-23,Ropa,Chaqueta de Invierno,2.0,75000.0,150000.0
V-1510,2025-03-24,Hogar,Cafetera Expreso,3.0,120000.0,360000.0
V-1511,2025-09-23,Hogar,Lámpara de Escritorio,3.0,22000.0,66000.0
V-1512,2025-04-11,Deportes,Balón de Fútbol,2.0,30000.0,60000.0
V-1513,2025-11-17,Hogar,Organizador de Zapatos,5.0,,
V-1514,2025-02-17,Deportes,Tapete de Yoga,5.0,18000.0,90000.0
V-1515,2025-10-25,Ropa,Jeans Slim Fit,5.0,35000.0,175000.0
V-1516,2025-11-06,Hogar,Organizador de Zapatos,1.0,180000.0,180000.0
V-1517,2025-01-15,Electrónica,Teclado Mecánico,5.0,,
V-1518,2025-05-16,Ropa,Medias Deportivas,4.0,5000.0,20000.0
V-1519,2025-11-13,Electrónica,Auriculares Bluetooth,5.0,35000.0,175000.0
V-1520,2025-05-29,Hogar,Sartén Antiadherente,2.0,30000.0,60000.0
V-1521,2025-12-17,Libros,Biografía de Innovadores,4.0,22000.0,88000.0
V-1522,2025-02-07,Electrónica,Mouse Gamer,4.0,25000.0,100000.0
V-1523,2025-08-01,Libros,Libro de Cocina,2.0,18000.0,36000.0
V-1524,2025-06-24,Deportes,Tapete de Yoga,3.0,18000.0,54000.0
V-1525,2025-06-13,Hogar,Sartén Antiadherente,2.0,30000.0,60000.0
V-1526,2025-07-09,Deportes,Cuerda para Saltar,1.0,8000.0,8000.0
V-1527,2025-06-13,Ropa,Sudadera,1.0,28000.0,28000.0
V-1528,2025-05-17,Libros,Manual de Python,2.0,28000.0,56000.0
V-1529,2025-02-19,Electrónica,"Monitor 24""",4.0,180000.0,720000.0
V-1530,2025-11-12,Libros,Manual de Python,2.0,28000.0,56000.0
V-1531,2025-06-17,Deportes,Balón de Fútbol,2.0,30000.0,60000.0
V-1532,2025-03-23,Libros,Cómic de Superhéroes,4.0,12000.0,48000.0
V-1533,2025-09-13,Hogar,Sartén Antiadherente,1.0,30000.0,30000.0
V-1534,2025-02-16,Libros,Cómic de Superhéroes,4.0,12000.0,48000.0
V-1535,2025-05-04,Ropa,Medias Deportivas,3.0,5000.0,15000.0
V-1536,2025-01-25,Electrónica,"Monitor 24""",4.0,180000.0,720000.0
V-1537,2025-11-02,Libros,Biografía de Innovadores,5.0,22000.0,110000.0
V-1538,2025-01-05,Electrónica,Auriculares Bluetooth,2.0,35000.0,70000.0
V-1539,2025-05-16,Hogar,Sartén Antiadherente,3.0,30000.0,90000.0
V-1540,2025-01-24,Libros,Novela de Ciencia Ficción,5.0,15000.0,75000.0
V-1541,2025-10-15,Ropa,Chaqueta de Invierno,5.0,75000.0,375000.0
V-1542,2025-05-28,Electrónica,Auriculares Bluetooth,5.0,35000.0,175000.0
V-1543,2025-08-19,Deportes,Balón de Fútbol,5.0,30000.0,150000.0
V-1544,2025-12-15,Deportes,Mancuernas 5kg,2.0,25000.0,50000.0
V-1545,2025-02-19,Libros,Biografía de Innovadores,3.0,22000.0,66000.0
V-1546,2025-10-13,Hogar,Cafetera Expreso,2.0,120000.0,240000.0
V-1547,2025-11-05,Deportes,Botella de Agua Inoxidable,5.0,14000.0,70000.0
V-1548,2025-01-21,Electrónica,Teclado Mecánico,2.0,45000.0,90000.0
V-1549,2025-06-20,Libros,Cómic de Superhéroes,4.0,12000.0,48000.0
V-1550,2025-03-18,Deportes,Cuerda para Saltar,2.0,8000.0,16000.0
V-1551,2025-06-17,Deportes,Balón de Fútbol,2.0,30000.0,60000.0
V-1552,2025-07-21,Deportes,Balón de Fútbol,5.0,30000.0,150000.0
V-1553,2025-06-22,Deportes,Cuerda para Saltar,5.0,8000.0,40000.0
V-1554,2025-09-08,Deportes,Balón de Fútbol,4.0,30000.0,120000.0
V-1555,2025-01-09,Hogar,Juego de Sábanas,1.0,40000.0,40000.0
V-1556,2025-08-02,Deportes,Balón de Fútbol,1.0,30000.0,30000.0
V-1557,2025-11-02,Libros,Biografía de Innovadores,5.0,22000.0,110000.0
V-1558,2025-10-23,Ropa,Camiseta Algodón,5.0,12000.0,60000.0
V-1559,2025-09-03,Ropa,Medias Deportivas,5.0,5000.0,25000.0
V-1560,2025-07-14,Ropa,Jeans Slim Fit,1.0,35000.0,35000.0
V-1561,2025-10-21,Electrónica,Mouse Gamer,1.0,25000.0,25000.0
V-1562,2025-08-14,Hogar,Sartén Antiadherente,2.0,30000.0,60000.0
V-1563,2025-07-31,Ropa,Sudadera,5.0,28000.0,140000.0
V-1564,2025-11-10,Libros,Novela de Ciencia Ficción,2.0,15000.0,30000.0
V-1565,2025-09-23,Ropa,Medias Deportivas,3.0,5000.0,15000.0
V-1566,2025-12-06,Libros,Cómic de Superhéroes,-3.0,12000.0,-36000.0
V-1567,2025-06-10,Ropa,Sudadera,5.0,28000.0,140000.0
V-1568,2025-06-25,Deportes,Balón de Fútbol,3.0,30000.0,90000.0
V-1569,2025-11-09,Libros,Manual de Python,2.0,28000.0,56000.0
V-1570,2025-05-23,Deportes,Balón de Fútbol,2.0,30000.0,60000.0
V-1571,2025-06-02,Hogar,Cafetera Expreso,4.0,120000.0,480000.0
V-1572,2025-06-12,Libros,Biografía de Innovadores,5.0,22000.0,110000.0
V-1573,2025-05-21,Hogar,Lámpara de Escritorio,5.0,22000.0,110000.0
V-1574,2025-12-13,Deportes,Botella de Agua Inoxidable,4.0,9999999.0,39999996.0
V-1575,2025-06-26,Ropa,Chaqueta de Invierno,1.0,75000.0,75000.0
V-1576,2025-05-28,Electrónica,"Monitor 24""",4.0,180000.0,720000.0
V-1577,2025-12-02,Hogar,Sartén Antiadherente,2.0,30000.0,60000.0
V-1578,2025-04-14,Deportes,Balón de Fútbol,5.0,30000.0,150000.0
V-1579,2025-12-23,Hogar,Cafetera Expreso,1.0,120000.0,120000.0
V-1580,2025-11-12,Deportes,Tapete de Yoga,2.0,18000.0,36000.0
V-1581,2025-01-26,Deportes,Tapete de Yoga,2.0,18000.0,36000.0
V-1582,2025-01-27,Electrónica,Auriculares Bluetooth,3.0,35000.0,105000.0
V-1583,2025-08-30,,Mouse Gamer,1.0,25000.0,25000.0
V-1584,2025-10-09,Ropa,Sudadera,4.0,28000.0,112000.0
V-1585,2025-09-02,Ropa,Chaqueta de Invierno,3.0,75000.0,225000.0
V-1586,2025-05-27,Electrónica,Teclado Mecánico,5.0,45000.0,225000.0
V-1587,2025-04-29,Deportes,Mancuernas 5kg,2.0,25000.0,50000.0
V-1588,2025-08-02,Ropa,Camiseta Algodón,4.0,12000.0,48000.0
V-1589,2025-09-11,Ropa,Chaqueta de Invierno,1.0,75000.0,75000.0
V-1590,2025-01-05,Hogar,Organizador de Zapatos,5.0,180000.0,900000.0
V-1591,2025-02-24,Hogar,Juego de Sábanas,4.0,40000.0,160000.0
V-1592,2025-11-25,Deportes,Cuerda para Saltar,4.0,8000.0,32000.0
V-1593,2025-03-10,Deportes,Botella de Agua Inoxidable,3.0,14000.0,42000.0
V-1594,2025-04-09,Electrónica,"Monitor 24""",2.0,180000.0,360000.0
V-1595,2025-08-23,Hogar,Cafetera Expreso,1.0,,
V-1596,2025-06-22,Hogar,Organizador de Zapatos,2.0,180000.0,360000.0
V-1597,2025-03-31,Deportes,Botella de Agua Inoxidable,4.0,14000.0,56000.0
V-1598,2025-09-21,Hogar,Lámpara de Escritorio,4.0,22000.0,88000.0
V-1599,2025-12-09,Electrónica,Mouse Gamer,2.0,25000.0,50000.0
V-1600,2025-09-02,Hogar,Cafetera Expreso,1.0,120000.0,120000.0
V-1601,2025-05-14,Libros,Manual de Python,4.0,28000.0,112000.0
V-1602,2025-05-17,Hogar,Juego de Sábanas,5.0,40000.0,200000.0
V-1603,2025-10-21,Electrónica,"Monitor 24""",3.0,180000.0,540000.0
V-1604,2025-12-21,Ropa,Camiseta Algodón,,12000.0,
V-1605,2025-08-27,Hogar,Cafetera Expreso,4.0,120000.0,480000.0
V-1606,2025-12-18,Deportes,Balón de Fútbol,1.0,30000.0,30000.0
V-1607,2025-11-24,Hogar,Juego de Sábanas,5.0,40000.0,200000.0
V-1608,2025-04-24,Ropa,Jeans Slim Fit,4.0,35000.0,140000.0
V-1609,2025-03-20,Libros,Cómic de Superhéroes,3.0,12000.0,36000.0
V-1610,2025-08-01,Deportes,Botella de Agua Inoxidable,,14000.0,
V-1611,2025-12-07,Ropa,Jeans Slim Fit,5.0,35000.0,175000.0
V-1612,2025-02-11,Deportes,Botella de Agua Inoxidable,5.0,14000.0,70000.0
V-1613,2025-12-27,Hogar,Lámpara de Escritorio,5.0,22000.0,110000.0
V-1614,2025-02-27,Electrónica,Cargador Rápido,5.0,15000.0,75000.0
V-1615,2025-04-14,Deportes,Cuerda para Saltar,2.0,8000.0,16000.0
V-1616,2025-03-26,Hogar,Organizador de Zapatos,4.0,180000.0,720000.0
V-1617,2025-03-01,Ropa,Medias Deportivas,4.0,5000.0,20000.0
V-1618,2025-02-16,Deportes,Botella de Agua Inoxidable,1.0,14000.0,14000.0
V-1619,2025-08-21,Ropa,Medias Deportivas,4.0,5000.0,20000.0
V-1620,2025-08-22,Deportes,Mancuernas 5kg,5.0,25000.0,125000.0
V-1621,2025-08-25,Hogar,Lámpara de Escritorio,4.0,22000.0,88000.0
V-1622,2025-05-11,Electrónica,Mouse Gamer,5.0,25000.0,125000.0
V-1623,2025-02-07,Electrónica,Auriculares Bluetooth,3.0,35000.0,105000.0
V-1624,2025-12-25,Electrónica,Cargador Rápido,,15000.0,
V-1625,2025-02-05,Libros,Novela de Ciencia Ficción,-4.0,15000.0,-60000.0
V-1626,2025-07-29,,Jeans Slim Fit,4.0,35000.0,140000.0
V-1627,2025-07-11,Libros,Libro de Cocina,4.0,18000.0,72000.0
V-1628,2025-07-12,Electrónica,Cargador Rápido,2.0,15000.0,30000.0
V-1629,2025-12-01,Hogar,Lámpara de Escritorio,2.0,22000.0,44000.0
V-1630,2025-10-03,Libros,Cómic de Superhéroes,2.0,12000.0,24000.0
V-1631,2025-04-25,Electrónica,Teclado Mecánico,3.0,45000.0,135000.0
V-1632,2025-08-26,Deportes,Botella de Agua Inoxidable,5.0,14000.0,70000.0
V-1633,2025-07-14,Ropa,Jeans Slim Fit,4.0,35000.0,140000.0
V-1634,2025-06-27,Ropa,Chaqueta de Invierno,2.0,75000.0,150000.0
V-1635,2025-02-27,Electrónica,Auriculares Bluetooth,5.0,35000.0,175000.0
V-1636,2025-01-09,Ropa,Jeans Slim Fit,1.0,35000.0,35000.0
V-1637,2025-02-21,Deportes,Mancuernas 5kg,4.0,25000.0,100000.0
V-1638,2025-11-03,Electrónica,Mouse Gamer,1.0,25000.0,25000.0
V-1639,2025-07-25,Libros,Manual de Python,5.0,28000.0,140000.0
V-1640,2025-04-22,Electrónica,Mouse Gamer,5.0,25000.0,125000.0
V-1641,2025-05-29,Ropa,Medias Deportivas,-2.0,5000.0,-10000.0
V-1642,2025-10-23,Deportes,Balón de Fútbol,2.0,30000.0,60000.0
V-1643,2025-06-04,Ropa,Medias Deportivas,2.0,5000.0,10000.0
V-1644,2025-07-31,Hogar,Juego de Sábanas,1.0,40000.0,40000.0
V-1645,2025-10-13,Deportes,Tapete de Yoga,4.0,18000.0,72000.0
V-1646,2025-10-12,Libros,Novela de Ciencia Ficción,3.0,15000.0,45000.0
V-1647,2025-11-26,Libros,Cómic de Superhéroes,-4.0,12000.0,-48000.0
V-1648,2025-12-23,Libros,Libro de Cocina,2.0,18000.0,36000.0
V-1649,2025-06-03,Libros,Manual de Python,5.0,28000.0,140000.0
V-1650,2025-08-31,,Jeans Slim Fit,3.0,35000.0,105000.0
V-1651,2025-12-29,Ropa,Sudadera,1.0,28000.0,28000.0
V-1652,2025-10-15,Libros,Libro de Cocina,5.0,18000.0,90000.0
V-1653,2025-09-29,Ropa,Sudadera,2.0,28000.0,56000.0
V-1654,2025-05-11,Ropa,Chaqueta de Invierno,1.0,75000.0,75000.0
V-1655,2025-08-19,Hogar,Lámpara de Escritorio,5.0,22000.0,110000.0
V-1656,2025-04-08,Electrónica,"Monitor 24""",4.0,180000.0,720000.0
V-1657,2025-12-11,Deportes,Cuerda para Saltar,1.0,8000.0,8000.0
V-1658,2025-02-07,Ropa,Medias Deportivas,5.0,5000.0,25000.0
V-1659,2025-04-22,Libros,Manual de Python,3.0,28000.0,84000.0
V-1660,2025-06-05,Electrónica,Mouse Gamer,2.0,25000.0,50000.0
V-1661,2025-03-02,Libros,Manual de Python,5.0,28000.0,140000.0
V-1662,2025-12-27,Ropa,Sudadera,2.0,28000.0,56000.0
V-1663,2025-10-10,Hogar,Juego de Sábanas,4.0,40000.0,160000.0
V-1664,2025-08-27,Deportes,Balón de Fútbol,3.0,30000.0,90000.0
V-1665,2025-05-14,Hogar,Organizador de Zapatos,4.0,180000.0,720000.0
V-1666,2025-08-27,Electrónica,Auriculares Bluetooth,3.0,35000.0,105000.0
V-1667,2025-04-15,Hogar,Juego de Sábanas,4.0,40000.0,160000.0
V-1668,2025-01-24,Deportes,Tapete de Yoga,2.0,18000.0,36000.0
V-1669,2025-01-09,Hogar,Organizador de Zapatos,5.0,180000.0,900000.0
V-1670,2025-10-24,Libros,Biografía de Innovadores,2.0,22000.0,44000.0
V-1671,2025-04-11,Hogar,Cafetera Expreso,4.0,120000.0,480000.0
V-1672,2025-10-19,,Sudadera,5.0,28000.0,140000.0
V-1673,2025-12-02,Hogar,Juego de Sábanas,4.0,40000.0,160000.0
V-1674,2025-11-25,Libros,Libro de Cocina,2.0,18000.0,36000.0
V-1675,2025-06-30,Ropa,Jeans Slim Fit,5.0,35000.0,175000.0
V-1676,2025-09-08,Ropa,Medias Deportivas,1.0,5000.0,5000.0
V-1677,2025-09-26,Electrónica,Teclado Mecánico,1.0,,
V-1678,2025-01-04,Libros,Manual de Python,2.0,28000.0,56000.0
V-1679,2025-02-04,Ropa,Camiseta Algodón,2.0,12000.0,24000.0
V-1680,2025-09-16,Libros,Biografía de Innovadores,1.0,22000.0,22000.0
V-1681,2025-11-13,Deportes,Botella de Agua Inoxidable,4.0,14000.0,56000.0
V-1682,2025-01-09,Electrónica,Cargador Rápido,5.0,15000.0,75000.0
V-1683,2025-07-30,Electrónica,Teclado Mecánico,5.0,45000.0,225000.0
V-1684,2025-05-21,Deportes,Balón de Fútbol,1.0,30000.0,30000.0
V-1685,2025-09-15,Libros,Manual de Python,1.0,28000.0,28000.0
V-1686,2025-02-19,Deportes,Tapete de Yoga,2.0,18000.0,36000.0
V-1687,2025-04-09,Deportes,Cuerda para Saltar,3.0,8000.0,24000.0
V-1688,2025-07-01,Hogar,Sartén Antiadherente,1.0,30000.0,30000.0
V-1689,2025-07-11,Libros,Libro de Cocina,5.0,18000.0,90000.0
V-1690,2025-05-05,Ropa,Chaqueta de Invierno,1.0,75000.0,75000.0
V-1691,2025-12-01,Electrónica,Teclado Mecánico,4.0,45000.0,180000.0
V-1692,2025-07-14,Libros,Cómic de Superhéroes,4.0,12000.0,48000.0
V-1693,2025-01-29,Electrónica,Mouse Gamer,1.0,25000.0,25000.0
V-1694,2025-09-13,Libros,Biografía de Innovadores,5.0,22000.0,110000.0
V-1695,2025-02-18,Deportes,Mancuernas 5kg,2.0,25000.0,50000.0
V-1696,2025-04-19,Deportes,Botella de Agua Inoxidable,3.0,14000.0,42000.0
V-1697,2025-01-24,Electrónica,"Monitor 24""",5.0,180000.0,900000.0
V-1698,2025-10-16,Electrónica,Mouse Gamer,3.0,25000.0,75000.0
V-1699,2025-01-09,Ropa,Medias Deportivas,2.0,5000.0,10000.0
V-1700,2025-12-31,Libros,Novela de Ciencia Ficción,3.0,15000.0,45000.0
V-1701,2025-03-25,Deportes,Tapete de Yoga,5.0,18000.0,90000.0
V-1702,2025-07-19,Deportes,Balón de Fútbol,4.0,30000.0,120000.0
V-1703,2025-03-13,Electrónica,Cargador Rápido,3.0,15000.0,45000.0
V-1704,2025-01-28,Electrónica,Auriculares Bluetooth,,35000.0,
V-1705,2025-02-08,Hogar,Organizador de Zapatos,5.0,180000.0,900000.0
V-1706,2025-11-01,Libros,Biografía de Innovadores,1.0,22000.0,22000.0
V-1707,2025-11-21,Hogar,Sartén Antiadherente,4.0,30000.0,120000.0
V-1708,2025-04-27,Hogar,Organizador de Zapatos,4.0,180000.0,720000.0
V-1709,2025-08-10,Ropa,Medias Deportivas,4.0,5000.0,20000.0
V-1710,2025-02-13,Deportes,Balón de Fútbol,2.0,30000.0,60000.0
V-1711,2025-02-07,Electrónica,"Monitor 24""",2.0,180000.0,360000.0
V-1712,2025-07-14,Ropa,Sudadera,3.0,28000.0,84000.0
V-1713,2025-07-04,Electrónica,Teclado Mecánico,1.0,45000.0,45000.0
V-1714,2025-06-07,Libros,Biografía de Innovadores,3.0,22000.0,66000.0
V-1715,2025-02-22,Ropa,Camiseta Algodón,2.0,12000.0,24000.0
V-1716,2025-08-09,Libros,Cómic de Superhéroes,5.0,12000.0,60000.0
V-1717,2025-09-20,Libros,Novela de Ciencia Ficción,1.0,15000.0,15000.0
V-1718,2025-02-15,Hogar,Organizador de Zapatos,1.0,180000.0,180000.0
V-1719,2025-11-02,Deportes,Balón de Fútbol,4.0,30000.0,120000.0
V-1720,2025-01-07,Hogar,Sartén Antiadherente,4.0,30000.0,120000.0
V-1721,2025-02-13,Deportes,Tapete de Yoga,5.0,18000.0,90000.0
V-1722,2025-09-24,Ropa,Sudadera,2.0,28000.0,56000.0
V-1723,2025-03-13,Hogar,Juego de Sábanas,3.0,40000.0,120000.0
V-1724,2025-09-10,Ropa,Camiseta Algodón,2.0,12000.0,24000.0
V-1725,2025-08-11,Hogar,Sartén Antiadherente,3.0,30000.0,90000.0
V-1726,2025-09-05,Electrónica,"Monitor 24""",3.0,180000.0,540000.0
V-1727,2025-05-07,Libros,Cómic de Superhéroes,5.0,12000.0,60000.0
V-1728,2025-04-11,Libros,Novela de Ciencia Ficción,2.0,15000.0,30000.0
V-1729,2025-06-05,Electrónica,Auriculares Bluetooth,3.0,35000.0,105000.0
V-1730,2025-11-14,Libros,Biografía de Innovadores,4.0,22000.0,88000.0
V-1731,2025-06-21,Libros,Cómic de Superhéroes,2.0,,
V-1732,2025-06-03,Hogar,Organizador de Zapatos,2.0,180000.0,360000.0
V-1733,2025-09-03,Hogar,Cafetera Expreso,4.0,120000.0,480000.0
V-1734,2025-06-13,Hogar,Sartén Antiadherente,5.0,30000.0,150000.0
V-1735,2025-05-05,Hogar,Sartén Antiadherente,3.0,30000.0,90000.0
V-1736,2025-07-21,Hogar,Lámpara de Escritorio,5.0,22000.0,110000.0
V-1737,2025-04-13,Deportes,Cuerda para Saltar,2.0,8000.0,16000.0
V-1738,2025-12-16,Deportes,Mancuernas 5kg,4.0,25000.0,100000.0
V-1739,2025-12-29,Ropa,Sudadera,3.0,28000.0,84000.0
V-1740,2025-12-21,Electrónica,Auriculares Bluetooth,4.0,35000.0,140000.0
V-1741,2025-03-13,Hogar,Cafetera Expreso,3.0,120000.0,360000.0
V-1742,2025-12-04,Ropa,Sudadera,4.0,28000.0,112000.0
V-1743,2025-02-07,Libros,Cómic de Superhéroes,4.0,12000.0,48000.0
V-1744,2025-10-26,Libros,Cómic de Superhéroes,5.0,12000.0,60000.0
V-1745,2025-12-21,Libros,Cómic de Superhéroes,1.0,12000.0,12000.0
V-1746,2025-07-04,,Cuerda para Saltar,1.0,8000.0,8000.0
V-1747,2025-02-25,Ropa,Chaqueta de Invierno,2.0,75000.0,150000.0
V-1748,2025-11-28,Deportes,Mancuernas 5kg,5.0,25000.0,125000.0
V-1749,2025-11-27,Libros,Biografía de Innovadores,4.0,22000.0,88000.0
V-1750,2025-02-24,Electrónica,Teclado Mecánico,3.0,45000.0,135000.0
V-1751,2025-04-24,Deportes,Cuerda para Saltar,5.0,8000.0,40000.0
V-1752,2025-10-25,Deportes,Tapete de Yoga,4.0,18000.0,72000.0
V-1753,2025-07-11,Libros,Libro de Cocina,5.0,18000.0,90000.0
V-1754,2025-12-20,Deportes,Tapete de Yoga,3.0,18000.0,54000.0
V-1755,2025-01-13,Libros,Novela de Ciencia Ficción,3.0,15000.0,45000.0
V-1756,2025-08-01,Electrónica,Teclado Mecánico,2.0,45000.0,90000.0
V-1757,2025-06-28,Hogar,Juego de Sábanas,4.0,40000.0,160000.0
V-1758,2025-04-16,Deportes,Botella de Agua Inoxidable,3.0,14000.0,42000.0
V-1759,2025-09-01,Electrónica,Auriculares Bluetooth,4.0,35000.0,140000.0
V-1760,2025-06-13,Electrónica,"Monitor 24""",1.0,180000.0,180000.0
V-1761,2025-12-30,Electrónica,Teclado Mecánico,3.0,45000.0,135000.0
V-1762,2025-11-28,Electrónica,Mouse Gamer,2.0,25000.0,50000.0
V-1763,2025-09-22,Ropa,Medias Deportivas,2.0,5000.0,10000.0
V-1764,2025-06-19,Deportes,Botella de Agua Inoxidable,,14000.0,
V-1765,2025-04-29,Libros,Manual de Python,2.0,28000.0,56000.0
V-1766,2025-11-24,Libros,Libro de Cocina,1.0,18000.0,18000.0
V-1767,2025-11-11,Ropa,Sudadera,5.0,28000.0,140000.0
V-1768,2025-08-08,Libros,Novela de Ciencia Ficción,2.0,15000.0,30000.0
V-1769,2025-04-16,Hogar,Lámpara de Escritorio,5.0,22000.0,110000.0
V-1770,2025-02-22,Deportes,Tapete de Yoga,3.0,18000.0,54000.0
V-1771,2025-06-16,Ropa,Sudadera,1.0,28000.0,28000.0
V-1772,2025-05-15,Libros,Cómic de Superhéroes,3.0,12000.0,36000.0
V-1773,2025-11-02,Libros,Cómic de Superhéroes,4.0,12000.0,48000.0
V-1774,2025-10-28,Electrónica,"Monitor 24""",3.0,180000.0,540000.0
V-1775,2025-08-23,Deportes,Tapete de Yoga,3.0,18000.0,54000.0
V-1776,2025-11-11,Deportes,Mancuernas 5kg,2.0,25000.0,50000.0
V-1777,2025-06-10,Electrónica,Mouse Gamer,3.0,25000.0,75000.0
V-1778,2025-03-01,Ropa,Chaqueta de Invierno,2.0,75000.0,150000.0
V-1779,2025-09-19,Libros,Libro de Cocina,5.0,18000.0,90000.0
V-1780,2025-03-12,Deportes,Botella de Agua Inoxidable,4.0,14000.0,56000.0
V-1781,2025-04-06,Libros,Cómic de Superhéroes,2.0,12000.0,24000.0
V-1782,2025-10-12,Ropa,Sudadera,3.0,28000.0,84000.0
V-1783,2025-03-13,Ropa,Chaqueta de Invierno,4.0,75000.0,300000.0
V-1784,2025-11-14,Electrónica,"Monitor 24""",1.0,180000.0,180000.0
V-1785,2025-09-06,Ropa,Jeans Slim Fit,4.0,35000.0,140000.0
V-1786,2025-10-15,Deportes,Botella de Agua Inoxidable,4.0,14000.0,56000.0
V-1787,2025-12-17,Libros,Libro de Cocina,4.0,18000.0,72000.0
V-1788,2025-09-08,Ropa,Camiseta Algodón,5.0,12000.0,60000.0
V-1789,2025-01-16,Ropa,Chaqueta de Invierno,1.0,75000.0,75000.0
V-1790,2025-05-21,Ropa,Medias Deportivas,3.0,5000.0,15000.0
V-1791,2025-03-28,Libros,Cómic de Superhéroes,4.0,12000.0,48000.0
V-1792,2025-10-09,Deportes,Mancuernas 5kg,5.0,25000.0,125000.0
V-1793,2025-02-28,Hogar,Organizador de Zapatos,3.0,180000.0,540000.0
V-1794,2025-10-05,Electrónica,Auriculares Bluetooth,5.0,35000.0,175000.0
V-1795,2025-04-22,Libros,Novela de Ciencia Ficción,2.0,15000.0,30000.0
V-1796,2025-06-02,Electrónica,Auriculares Bluetooth,3.0,35000.0,105000.0
V-1797,2025-06-28,Electrónica,Auriculares Bluetooth,1.0,35000.0,35000.0
V-1798,2025-05-02,Ropa,Medias Deportivas,3.0,5000.0,15000.0
V-1799,2025-12-30,Deportes,Botella de Agua Inoxidable,2.0,14000.0,28000.0
V-1800,2025-11-12,Ropa,Jeans Slim Fit,,35000.0,
V-1801,2025-01-31,Deportes,Balón de Fútbol,5.0,30000.0,150000.0
V-1802,2025-05-24,Deportes,Cuerda para Saltar,2.0,8000.0,16000.0
V-1803,2025-06-15,Hogar,Juego de Sábanas,5.0,40000.0,200000.0
V-1804,2025-05-17,Deportes,Mancuernas 5kg,2.0,25000.0,50000.0
V-1805,2025-07-30,Electrónica,"Monitor 24""",2.0,180000.0,360000.0
V-1806,2025-12-26,Ropa,Jeans Slim Fit,2.0,35000.0,70000.0
V-1807,2025-12-31,Hogar,Cafetera Expreso,,120000.0,
V-1808,2025-09-08,Ropa,Medias Deportivas,3.0,5000.0,15000.0
V-1809,2025-11-18,Libros,Libro de Cocina,4.0,18000.0,72000.0
V-1810,2025-02-08,Electrónica,Auriculares Bluetooth,5.0,35000.0,175000.0
V-1811,2025-05-23,Hogar,Sartén Antiadherente,4.0,30000.0,120000.0
V-1812,2025-06-17,Deportes,Mancuernas 5kg,1.0,25000.0,25000.0
V-1813,2025-08-23,Hogar,Lámpara de Escritorio,5.0,22000.0,110000.0
V-1814,2025-07-23,Ropa,Sudadera,2.0,28000.0,56000.0
V-1815,2025-09-11,Hogar,Juego de Sábanas,3.0,40000.0,120000.0
V-1816,2025-06-22,Deportes,Cuerda para Saltar,2.0,8000.0,16000.0
V-1817,2025-10-17,Libros,Biografía de Innovadores,1.0,22000.0,22000.0
V-1818,2025-01-24,Electrónica,Auriculares Bluetooth,1.0,35000.0,35000.0
V-1819,2025-03-05,Ropa,Sudadera,4.0,28000.0,112000.0
V-1820,2025-01-01,Libros,Manual de Python,2.0,28000.0,56000.0
V-1821,2025-11-29,Hogar,Cafetera Expreso,3.0,120000.0,360000.0
V-1822,2025-02-17,Hogar,Juego de Sábanas,1.0,40000.0,40000.0
V-1823,2025-07-10,Ropa,Camiseta Algodón,4.0,12000.0,48000.0
V-1824,2025-11-17,Hogar,Cafetera Expreso,4.0,120000.0,480000.0
V-1825,2025-12-02,Electrónica,Teclado Mecánico,1.0,45000.0,45000.0
V-1826,2025-04-20,Libros,Novela de Ciencia Ficción,2.0,15000.0,30000.0
V-1827,2025-10-31,Ropa,Medias Deportivas,4.0,5000.0,20000.0
V-1828,2025-01-05,Electrónica,"Monitor 24""",1.0,180000.0,180000.0
V-1829,2025-08-05,Ropa,Sudadera,1.0,28000.0,28000.0
V-1830,2025-04-28,Libros,Novela de Ciencia Ficción,1.0,15000.0,15000.0
V-1831,2025-02-22,Hogar,Juego de Sábanas,3.0,40000.0,120000.0
V-1832,2025-03-12,Libros,Manual de Python,2.0,28000.0,56000.0
V-1833,2025-02-05,Deportes,Cuerda para Saltar,1.0,8000.0,8000.0
V-1834,2025-11-09,Ropa,Sudadera,3.0,28000.0,84000.0
V-1835,2025-04-20,Ropa,Sudadera,5.0,28000.0,140000.0
V-1836,2025-12-18,Libros,Manual de Python,1.0,28000.0,28000.0
V-1837,2025-02-21,Ropa,Camiseta Algodón,5.0,12000.0,60000.0
V-1838,2025-07-16,Hogar,Sartén Antiadherente,3.0,30000.0,90000.0
V-1839,2025-03-13,Ropa,Chaqueta de Invierno,1.0,75000.0,75000.0
V-1840,2025-05-08,Deportes,Cuerda para Saltar,5.0,8000.0,40000.0
V-1841,2025-11-08,Hogar,Lámpara de Escritorio,3.0,22000.0,66000.0
V-1842,2025-04-16,Deportes,Cuerda para Saltar,5.0,8000.0,40000.0
V-1843,2025-04-07,Libros,Biografía de Innovadores,1.0,22000.0,22000.0
V-1844,2025-05-03,Libros,Libro de Cocina,1.0,18000.0,18000.0
V-1845,2025-05-04,Libros,Cómic de Superhéroes,,12000.0,
V-1846,2025-09-28,Electrónica,"Monitor 24""",3.0,180000.0,540000.0
V-1847,2025-03-09,Libros,Cómic de Superhéroes,4.0,12000.0,48000.0
V-1848,2025-07-07,Deportes,Tapete de Yoga,4.0,18000.0,72000.0
V-1849,2025-02-07,Electrónica,Cargador Rápido,1.0,15000.0,15000.0
V-1850,2025-01-08,Hogar,Cafetera Expreso,1.0,120000.0,120000.0
V-1851,2025-01-31,Libros,Cómic de Superhéroes,3.0,12000.0,36000.0
V-1852,2025-11-18,Deportes,Botella de Agua Inoxidable,4.0,14000.0,56000.0
V-1853,2025-12-26,Libros,Novela de Ciencia Ficción,5.0,15000.0,75000.0
V-1854,2025-10-03,Deportes,Tapete de Yoga,3.0,18000.0,54000.0
V-1855,2025-02-12,Hogar,Lámpara de Escritorio,5.0,22000.0,110000.0
V-1856,2025-04-15,Ropa,Medias Deportivas,3.0,5000.0,15000.0
V-1857,2025-07-20,Deportes,Mancuernas 5kg,3.0,25000.0,75000.0
V-1858,2025-12-24,Libros,Manual de Python,1.0,28000.0,28000.0
V-1859,2025-05-06,Electrónica,Auriculares Bluetooth,1.0,35000.0,35000.0
V-1860,2025-08-21,Deportes,Cuerda para Saltar,1.0,8000.0,8000.0
V-1861,2025-06-08,Ropa,Camiseta Algodón,1.0,12000.0,12000.0
V-1862,2025-12-29,Ropa,Camiseta Algodón,2.0,12000.0,24000.0
V-1863,2025-09-12,Hogar,Organizador de Zapatos,5.0,180000.0,900000.0
V-1864,2025-05-13,Ropa,Chaqueta de Invierno,2.0,75000.0,150000.0
V-1865,2025-05-18,Electrónica,Teclado Mecánico,3.0,45000.0,135000.0
V-1866,2025-08-08,Hogar,Organizador de Zapatos,1.0,180000.0,180000.0
V-1867,2025-05-15,Deportes,Mancuernas 5kg,4.0,25000.0,100000.0
V-1868,2025-08-22,Deportes,Balón de Fútbol,1.0,30000.0,30000.0
V-1869,2025-09-13,Deportes,Tapete de Yoga,3.0,18000.0,54000.0
V-1870,2025-03-22,Hogar,Lámpara de Escritorio,5.0,22000.0,110000.0
V-1871,2025-12-12,Electrónica,Mouse Gamer,5.0,25000.0,125000.0
V-1872,2025-01-02,Electrónica,Teclado Mecánico,2.0,45000.0,90000.0
V-1873,2025-01-24,Libros,Biografía de Innovadores,4.0,22000.0,88000.0
V-1874,2025-03-18,Ropa,Camiseta Algodón,5.0,12000.0,60000.0
V-1875,2025-12-02,Libros,Manual de Python,3.0,28000.0,84000.0
V-1876,2025-05-08,Libros,Biografía de Innovadores,3.0,22000.0,66000.0
V-1877,2025-02-09,Deportes,Balón de Fútbol,1.0,30000.0,30000.0
V-1878,2025-09-15,Electrónica,Mouse Gamer,2.0,25000.0,50000.0
V-1879,2025-09-22,Electrónica,Auriculares Bluetooth,1.0,35000.0,35000.0
V-1880,2025-08-27,Hogar,Juego de Sábanas,3.0,40000.0,120000.0
V-1881,2025-02-14,Deportes,Botella de Agua Inoxidable,1.0,14000.0,14000.0
V-1882,2025-07-08,Ropa,Chaqueta de Invierno,5.0,75000.0,375000.0
V-1883,2025-06-05,Deportes,Tapete de Yoga,4.0,18000.0,72000.0
V-1884,2025-07-08,Deportes,Botella de Agua Inoxidable,2.0,14000.0,28000.0
V-1885,2025-10-07,Ropa,Jeans Slim Fit,1.0,35000.0,35000.0
V-1886,2025-07-29,Electrónica,Mouse Gamer,5.0,25000.0,125000.0
V-1887,2025-06-27,Electrónica,"Monitor 24""",1.0,180000.0,180000.0
V-1888,2025-12-03,Libros,Biografía de Innovadores,1.0,22000.0,22000.0
V-1889,2025-04-16,Deportes,Tapete de Yoga,4.0,18000.0,72000.0
V-1890,2025-09-09,Electrónica,Mouse Gamer,3.0,25000.0,75000.0
V-1891,2025-02-17,Electrónica,Mouse Gamer,5.0,25000.0,125000.0
V-1892,2025-07-31,Hogar,Sartén Antiadherente,1.0,30000.0,30000.0
V-1893,2025-10-25,Electrónica,Cargador Rápido,2.0,15000.0,30000.0
V-1894,2025-11-23,Libros,Novela de Ciencia Ficción,5.0,15000.0,75000.0
V-1895,2025-10-18,Electrónica,Auriculares Bluetooth,2.0,35000.0,70000.0
V-1896,2025-05-02,Hogar,Juego de Sábanas,3.0,40000.0,120000.0
V-1897,2025-07-21,Hogar,Juego de Sábanas,4.0,40000.0,160000.0
V-1898,2025-05-20,Ropa,Camiseta Algodón,2.0,12000.0,24000.0
V-1899,2025-03-11,Deportes,Mancuernas 5kg,2.0,25000.0,50000.0
V-1900,2025-02-24,Ropa,Sudadera,4.0,28000.0,112000.0
V-1901,2025-06-10,Libros,Novela de Ciencia Ficción,5.0,15000.0,75000.0
V-1902,2025-07-03,Ropa,Sudadera,3.0,28000.0,84000.0
V-1903,2025-08-26,Hogar,Lámpara de Escritorio,1.0,22000.0,22000.0
V-1904,2025-03-22,Hogar,Organizador de Zapatos,1.0,180000.0,180000.0
V-1905,2025-04-21,Hogar,Cafetera Expreso,1.0,120000.0,120000.0
V-1906,2025-12-31,Ropa,Chaqueta de Invierno,4.0,75000.0,300000.0
V-1907,2025-09-20,Electrónica,"Monitor 24""",3.0,180000.0,540000.0
V-1908,2025-03-31,Electrónica,Auriculares Bluetooth,4.0,35000.0,140000.0
V-1909,2025-10-12,Deportes,Tapete de Yoga,1.0,18000.0,18000.0
V-1910,2025-08-25,Electrónica,Mouse Gamer,1.0,25000.0,25000.0
V-1911,2025-01-07,Electrónica,Mouse Gamer,2.0,25000.0,50000.0
V-1912,2025-04-12,Libros,Biografía de Innovadores,-3.0,22000.0,-66000.0
V-1913,2025-10-26,Deportes,Balón de Fútbol,1.0,30000.0,30000.0
V-1914,2025-01-12,Electrónica,Mouse Gamer,4.0,25000.0,100000.0
V-1915,2025-03-07,Electrónica,"Monitor 24""",1.0,180000.0,180000.0
V-1916,2025-01-22,Libros,Novela de Ciencia Ficción,2.0,15000.0,30000.0
V-1917,2025-10-21,Libros,Libro de Cocina,4.0,18000.0,72000.0
V-1918,2025-01-16,Libros,Libro de Cocina,2.0,18000.0,36000.0
V-1919,2025-07-01,Ropa,Jeans Slim Fit,3.0,35000.0,105000.0
V-1920,2025-05-24,Libros,Manual de Python,1.0,28000.0,28000.0
V-1921,2025-11-11,Deportes,Cuerda para Saltar,2.0,8000.0,16000.0
V-1922,2025-11-28,,Sartén Antiadherente,4.0,30000.0,120000.0
V-1923,2025-10-09,Libros,Novela de Ciencia Ficción,1.0,15000.0,15000.0
V-1924,2025-05-24,Libros,Manual de Python,4.0,28000.0,112000.0
V-1925,2025-04-13,Deportes,Tapete de Yoga,5.0,18000.0,90000.0
V-1926,2025-01-10,Libros,Biografía de Innovadores,4.0,22000.0,88000.0
V-1927,2025-10-06,Libros,Biografía de Innovadores,5.0,22000.0,110000.0
V-1928,2025-09-15,Hogar,Sartén Antiadherente,3.0,30000.0,90000.0
V-1929,2025-04-03,Electrónica,"Monitor 24""",5.0,180000.0,900000.0
V-1930,2025-04-23,Electrónica,"Monitor 24""",1.0,180000.0,180000.0
V-1931,2025-08-30,Deportes,Balón de Fútbol,5.0,30000.0,150000.0
V-1932,2025-04-30,Ropa,Camiseta Algodón,2.0,12000.0,24000.0
V-1933,2025-12-03,Ropa,Chaqueta de Invierno,5.0,75000.0,375000.0
V-1934,2025-01-29,Ropa,Medias Deportivas,4.0,5000.0,20000.0
V-1935,2025-07-01,Ropa,Jeans Slim Fit,2.0,35000.0,70000.0
V-1936,2025-10-31,Hogar,Juego de Sábanas,5.0,40000.0,200000.0
V-1937,2025-01-15,Hogar,Organizador de Zapatos,5.0,180000.0,900000.0
V-1938,2025-03-14,Deportes,Tapete de Yoga,4.0,18000.0,72000.0
V-1939,2025-10-05,Hogar,Cafetera Expreso,4.0,120000.0,480000.0
V-1940,2025-01-20,Electrónica,Teclado Mecánico,2.0,45000.0,90000.0
V-1941,2025-11-05,Ropa,Camiseta Algodón,5.0,12000.0,60000.0
V-1942,2025-09-02,Electrónica,"Monitor 24""",5.0,180000.0,900000.0
V-1943,2025-04-14,Ropa,Chaqueta de Invierno,2.0,75000.0,150000.0
V-1944,2025-06-15,Electrónica,Teclado Mecánico,2.0,,
V-1945,2025-10-28,Ropa,Camiseta Algodón,5.0,12000.0,60000.0
V-1946,2025-07-06,Electrónica,"Monitor 24""",4.0,180000.0,720000.0
V-1947,2025-10-28,Electrónica,"Monitor 24""",3.0,180000.0,540000.0
V-1948,2025-06-15,Ropa,Jeans Slim Fit,4.0,35000.0,140000.0
V-1949,2025-11-24,Libros,Biografía de Innovadores,2.0,22000.0,44000.0
V-1950,2025-12-29,Deportes,Cuerda para Saltar,3.0,8000.0,24000.0
V-1951,2025-04-25,Deportes,Tapete de Yoga,4.0,18000.0,72000.0
V-1952,2025-06-07,Hogar,Cafetera Expreso,2.0,120000.0,240000.0
V-1953,2025-01-01,Deportes,Botella de Agua Inoxidable,5.0,14000.0,70000.0
V-1954,2025-01-17,Ropa,Medias Deportivas,3.0,5000.0,15000.0
V-1955,2025-11-10,Ropa,Medias Deportivas,1.0,5000.0,5000.0
V-1956,2025-09-12,Ropa,Chaqueta de Invierno,1.0,75000.0,75000.0
V-1957,2025-05-02,Hogar,Juego de Sábanas,2.0,40000.0,80000.0
V-1958,2025-11-22,Electrónica,"Monitor 24""",4.0,180000.0,720000.0
V-1959,2025-01-06,Hogar,Cafetera Expreso,2.0,120000.0,240000.0
V-1960,2025-12-21,Electrónica,"Monitor 24""",3.0,180000.0,540000.0
V-1961,2025-02-25,Electrónica,Teclado Mecánico,4.0,45000.0,180000.0
V-1962,2025-08-13,Libros,Manual de Python,4.0,28000.0,112000.0
V-1963,2025-09-10,Libros,Biografía de Innovadores,5.0,22000.0,110000.0
V-1964,2025-07-12,Electrónica,Auriculares Bluetooth,5.0,35000.0,175000.0
V-1965,2025-11-30,Ropa,Jeans Slim Fit,4.0,35000.0,140000.0
V-1966,2025-02-07,Electrónica,"Monitor 24""",1.0,180000.0,180000.0
V-1967,2025-06-13,Hogar,Lámpara de Escritorio,1.0,22000.0,22000.0
V-1968,2025-06-25,Ropa,Sudadera,2.0,28000.0,56000.0
V-1969,2025-02-08,Deportes,Mancuernas 5kg,3.0,25000.0,75000.0
V-1970,2025-11-01,Deportes,Botella de Agua Inoxidable,,14000.0,
V-1971,2025-08-09,Ropa,Medias Deportivas,4.0,5000.0,20000.0
V-1972,2025-03-22,Electrónica,Teclado Mecánico,3.0,45000.0,135000.0
V-1973,2025-04-16,Ropa,Sudadera,5.0,28000.0,140000.0
V-1974,2025-10-04,Hogar,Juego de Sábanas,3.0,40000.0,120000.0
V-1975,2025-05-02,Electrónica,Teclado Mecánico,4.0,45000.0,180000.0
V-1976,2025-10-20,Deportes,Botella de Agua Inoxidable,2.0,14000.0,28000.0
V-1977,2025-01-28,Hogar,Lámpara de Escritorio,4.0,22000.0,88000.0
V-1978,2025-02-14,Hogar,Organizador de Zapatos,4.0,180000.0,720000.0
V-1979,2025-04-13,Electrónica,Teclado Mecánico,2.0,45000.0,90000.0
V-1980,2025-03-29,Hogar,Lámpara de Escritorio,4.0,22000.0,88000.0
V-1981,2025-03-01,Hogar,Sartén Antiadherente,4.0,30000.0,120000.0
V-1982,2025-09-08,Hogar,Lámpara de Escritorio,-4.0,22000.0,-88000.0
V-1983,2025-07-18,Ropa,Chaqueta de Invierno,4.0,75000.0,300000.0
V-1984,2025-07-09,Ropa,Sudadera,1.0,28000.0,28000.0
V-1985,2025-05-15,Libros,Libro de Cocina,3.0,18000.0,54000.0
V-1986,2025-04-26,Hogar,Organizador de Zapatos,1.0,180000.0,180000.0
V-1987,2025-03-19,Electrónica,Teclado Mecánico,3.0,45000.0,135000.0
V-1988,2025-10-05,Libros,Cómic de Superhéroes,2.0,12000.0,24000.0
V-1989,2025-10-11,Electrónica,Auriculares Bluetooth,5.0,35000.0,175000.0
V-1990,2025-08-03,Deportes,Botella de Agua Inoxidable,5.0,14000.0,70000.0
V-1991,2025-05-01,Libros,Biografía de Innovadores,1.0,22000.0,22000.0
V-1992,2025-07-22,Electrónica,Cargador Rápido,5.0,15000.0,75000.0
V-1993,2025-09-22,Deportes,Cuerda para Saltar,2.0,8000.0,16000.0
V-1994,2025-03-03,Libros,Manual de Python,2.0,28000.0,56000.0
V-1995,2025-04-19,,Jeans Slim Fit,1.0,35000.0,35000.0
V-1996,2025-08-05,Electrónica,Auriculares Bluetooth,2.0,35000.0,70000.0
V-1997,2025-11-18,Ropa,Medias Deportivas,3.0,,
V-1998,2025-06-13,Electrónica,Teclado Mecánico,4.0,45000.0,180000.0
V-1999,2025-10-12,Libros,Cómic de Superhéroes,3.0,12000.0,36000.0
V-2000,2025-05-22,Deportes,Botella de Agua Inoxidable,1.0,14000.0,14000.0
V-2001,2025-12-25,Deportes,Cuerda para Saltar,5.0,8000.0,40000.0
V-2002,2025-08-03,Electrónica,Auriculares Bluetooth,2.0,35000.0,70000.0
V-2003,2025-03-17,Deportes,Cuerda para Saltar,5.0,8000.0,40000.0
V-2004,2025-02-21,Electrónica,Cargador Rápido,1.0,15000.0,15000.0
V-2005,2025-05-27,Deportes,Balón de Fútbol,4.0,30000.0,120000.0
V-2006,2025-05-16,Libros,Libro de Cocina,5.0,18000.0,90000.0
V-2007,2025-11-08,Libros,Novela de Ciencia Ficción,2.0,15000.0,30000.0
V-2008,2025-05-22,Libros,Manual de Python,5.0,28000.0,140000.0
V-2009,2025-11-08,Libros,Novela de Ciencia Ficción,4.0,15000.0,60000.0
V-2010,2025-06-19,Ropa,Camiseta Algodón,4.0,12000.0,48000.0
V-2011,2025-05-18,Hogar,Lámpara de Escritorio,3.0,22000.0,66000.0
V-2012,2025-06-05,Hogar,Juego de Sábanas,4.0,40000.0,160000.0
V-2013,2025-12-23,Electrónica,Mouse Gamer,2.0,25000.0,50000.0
V-2014,2025-06-03,Libros,Biografía de Innovadores,3.0,22000.0,66000.0
V-2015,2025-08-02,Deportes,Mancuernas 5kg,2.0,25000.0,50000.0
V-2016,2025-08-15,Ropa,Sudadera,4.0,28000.0,112000.0
V-2017,2025-09-22,Hogar,Lámpara de Escritorio,5.0,22000.0,110000.0
V-2018,2025-03-23,Electrónica,"Monitor 24""",5.0,180000.0,900000.0
V-2019,2025-07-26,Ropa,Medias Deportivas,5.0,5000.0,25000.0
V-2020,2025-01-15,Ropa,Jeans Slim Fit,2.0,35000.0,70000.0
V-2021,2025-01-30,Ropa,Camiseta Algodón,4.0,12000.0,48000.0
V-2022,2025-01-26,Hogar,Cafetera Expreso,3.0,120000.0,360000.0
V-2023,2025-07-08,Libros,Cómic de Superhéroes,4.0,12000.0,48000.0
V-2024,2025-11-22,Electrónica,Teclado Mecánico,2.0,45000.0,90000.0
V-2025,2025-07-10,Libros,Cómic de Superhéroes,4.0,12000.0,48000.0
V-2026,2025-04-01,Libros,Cómic de Superhéroes,5.0,12000.0,60000.0
V-2027,2025-06-29,Hogar,Cafetera Expreso,3.0,120000.0,360000.0
V-2028,2025-12-19,Electrónica,"Monitor 24""",1.0,180000.0,180000.0
V-2029,2025-07-17,Electrónica,Mouse Gamer,5.0,25000.0,125000.0
V-2030,2025-04-20,Ropa,Jeans Slim Fit,2.0,35000.0,70000.0
V-2031,2025-05-18,Libros,Cómic de Superhéroes,1.0,12000.0,12000.0
V-2032,2025-12-16,Electrónica,Auriculares Bluetooth,2.0,35000.0,70000.0
V-2033,2025-11-28,Ropa,Medias Deportivas,1.0,5000.0,5000.0
V-2034,2025-04-25,Hogar,Organizador de Zapatos,3.0,180000.0,540000.0
V-2035,2025-12-31,Hogar,Sartén Antiadherente,4.0,30000.0,120000.0
V-2036,2025-06-28,Libros,Biografía de Innovadores,2.0,22000.0,44000.0
V-2037,2025-08-27,Hogar,Organizador de Zapatos,5.0,180000.0,900000.0
V-2038,2025-07-23,Deportes,Mancuernas 5kg,1.0,25000.0,25000.0
V-2039,2025-09-19,Hogar,Organizador de Zapatos,5.0,180000.0,900000.0
V-2040,2025-11-08,Hogar,Juego de Sábanas,1.0,40000.0,40000.0
V-2041,2025-09-04,Electrónica,"Monitor 24""",3.0,180000.0,540000.0
V-2042,2025-11-24,Hogar,Juego de Sábanas,3.0,40000.0,120000.0
V-2043,2025-12-02,Hogar,Cafetera Expreso,2.0,120000.0,240000.0
V-2044,2025-09-22,Ropa,Camiseta Algodón,5.0,12000.0,60000.0
V-2045,2025-07-26,Hogar,Cafetera Expreso,1.0,120000.0,120000.0
V-2046,2025-12-02,Libros,Biografía de Innovadores,3.0,22000.0,66000.0
V-2047,2025-08-03,Libros,Libro de Cocina,1.0,18000.0,18000.0
V-2048,2025-10-26,Deportes,Tapete de Yoga,3.0,18000.0,54000.0
V-2049,2025-04-24,Deportes,Botella de Agua Inoxidable,3.0,,
V-2050,2025-09-17,Hogar,Cafetera Expreso,5.0,120000.0,600000.0
V-2051,2025-04-03,Hogar,Lámpara de Escritorio,4.0,22000.0,88000.0
V-2052,2025-03-07,Hogar,Organizador de Zapatos,2.0,180000.0,360000.0
V-2053,2025-12-15,Hogar,Lámpara de Escritorio,2.0,22000.0,44000.0
V-2054,2025-07-01,Ropa,Chaqueta de Invierno,4.0,75000.0,300000.0
V-2055,2025-06-19,Hogar,Juego de Sábanas,5.0,40000.0,200000.0
V-2056,2025-05-31,Libros,Novela de Ciencia Ficción,4.0,15000.0,60000.0
V-2057,2025-01-28,Deportes,Cuerda para Saltar,5.0,8000.0,40000.0
V-2058,2025-02-06,Libros,Manual de Python,5.0,28000.0,140000.0
V-2059,2025-03-03,Libros,Cómic de Superhéroes,3.0,12000.0,36000.0
V-2060,2025-07-31,Electrónica,Mouse Gamer,2.0,25000.0,50000.0
V-2061,2025-04-13,Hogar,Sartén Antiadherente,5.0,30000.0,150000.0
V-2062,2025-08-23,Ropa,Chaqueta de Invierno,2.0,75000.0,150000.0
V-2063,2025-02-11,Libros,Biografía de Innovadores,2.0,22000.0,44000.0
V-2064,2025-06-10,Electrónica,Teclado Mecánico,4.0,45000.0,180000.0
V-2065,2025-05-21,Ropa,Jeans Slim Fit,5.0,35000.0,175000.0
V-2066,2025-03-23,Libros,Novela de Ciencia Ficción,2.0,15000.0,30000.0
V-2067,2025-11-11,Libros,Libro de Cocina,4.0,18000.0,72000.0
V-2068,2025-08-08,Libros,Libro de Cocina,1.0,18000.0,18000.0
V-2069,2025-01-20,Deportes,Tapete de Yoga,3.0,18000.0,54000.0
V-2070,2025-01-08,Hogar,Organizador de Zapatos,2.0,180000.0,360000.0
V-2071,2025-01-10,Electrónica,Mouse Gamer,2.0,25000.0,50000.0
V-2072,2025-12-22,Hogar,Juego de Sábanas,2.0,40000.0,80000.0
V-2073,2025-02-22,Libros,Cómic de Superhéroes,5.0,12000.0,60000.0
V-2074,2025-06-06,Ropa,Camiseta Algodón,1.0,12000.0,12000.0
V-2075,2025-06-02,Hogar,Sartén Antiadherente,5.0,30000.0,150000.0
V-2076,2025-11-02,Deportes,Balón de Fútbol,4.0,30000.0,120000.0
V-2077,2025-12-18,Ropa,Chaqueta de Invierno,4.0,75000.0,300000.0
V-2078,2025-07-03,Ropa,Jeans Slim Fit,4.0,35000.0,140000.0
V-2079,2025-01-10,Ropa,Jeans Slim Fit,2.0,35000.0,70000.0
V-2080,2025-04-19,Electrónica,Cargador Rápido,5.0,15000.0,75000.0
V-2081,2025-03-28,Electrónica,"Monitor 24""",1.0,180000.0,180000.0
V-2082,2025-07-12,Hogar,Organizador de Zapatos,5.0,180000.0,900000.0
V-2083,2025-01-25,Deportes,Mancuernas 5kg,1.0,25000.0,25000.0
V-2084,2025-12-01,Electrónica,Teclado Mecánico,1.0,45000.0,45000.0
V-2085,2025-08-02,Libros,Libro de Cocina,1.0,18000.0,18000.0
V-2086,2025-10-08,Hogar,Sartén Antiadherente,2.0,30000.0,60000.0
V-2087,2025-04-16,Electrónica,"Monitor 24""",4.0,180000.0,720000.0
V-2088,2025-12-05,Electrónica,Cargador Rápido,3.0,15000.0,45000.0
V-2089,2025-11-15,Deportes,Tapete de Yoga,4.0,18000.0,72000.0
V-2090,2025-02-23,Deportes,Cuerda para Saltar,1.0,8000.0,8000.0
V-2091,2025-05-25,Electrónica,Teclado Mecánico,4.0,45000.0,180000.0
V-2092,2025-04-12,Deportes,Tapete de Yoga,,18000.0,
V-2093,2025-09-25,Ropa,Chaqueta de Invierno,4.0,75000.0,300000.0
V-2094,2025-06-01,Ropa,Camiseta Algodón,5.0,12000.0,60000.0
V-2095,2025-09-12,Ropa,Sudadera,3.0,28000.0,84000.0
V-2096,2025-05-01,Electrónica,Teclado Mecánico,1.0,45000.0,45000.0
V-2097,2025-02-26,Deportes,Botella de Agua Inoxidable,2.0,14000.0,28000.0
V-2098,2025-02-16,Deportes,Mancuernas 5kg,1.0,25000.0,25000.0
V-2099,2025-05-12,Ropa,Sudadera,3.0,28000.0,84000.0
V-2100,2025-05-16,Libros,Novela de Ciencia Ficción,,15000.0,
V-2101,2025-03-31,Electrónica,"Monitor 24""",3.0,180000.0,540000.0
V-2102,2025-12-13,Hogar,Sartén Antiadherente,1.0,30000.0,30000.0
V-2103,2025-02-18,Electrónica,Teclado Mecánico,2.0,9999999.0,19999998.0
V-2104,2025-12-06,Ropa,Chaqueta de Invierno,3.0,75000.0,225000.0
V-2105,2025-08-13,Deportes,Balón de Fútbol,1.0,30000.0,30000.0
V-2106,2025-07-10,Hogar,Cafetera Expreso,1.0,120000.0,120000.0
V-2107,2025-07-25,Libros,Libro de Cocina,3.0,18000.0,54000.0
V-2108,2025-07-17,Libros,Libro de Cocina,2.0,18000.0,36000.0
V-2109,2025-02-27,Ropa,Camiseta Algodón,2.0,12000.0,24000.0
V-2110,2025-02-23,Libros,Cómic de Superhéroes,4.0,12000.0,48000.0
V-2111,2025-10-19,Libros,Manual de Python,5.0,28000.0,140000.0
V-2112,2025-07-14,Hogar,Organizador de Zapatos,1.0,180000.0,180000.0
V-2113,2025-12-17,Ropa,Sudadera,4.0,28000.0,112000.0
V-2114,2025-02-27,Libros,Libro de Cocina,1.0,18000.0,18000.0
V-2115,2025-02-02,Hogar,Juego de Sábanas,1.0,40000.0,40000.0
V-2116,2025-12-27,Deportes,Cuerda para Saltar,5.0,8000.0,40000.0
V-2117,2025-04-25,Hogar,Organizador de Zapatos,,180000.0,
V-2118,2025-12-19,Deportes,Mancuernas 5kg,4.0,25000.0,100000.0
V-2119,2025-12-05,Ropa,Sudadera,3.0,28000.0,84000.0
V-2120,2025-12-06,Libros,Manual de Python,5.0,28000.0,140000.0
V-2121,2025-11-10,Electrónica,Teclado Mecánico,,45000.0,
V-2122,2025-09-16,Libros,Libro de Cocina,2.0,18000.0,36000.0
V-2123,2025-02-08,Libros,Biografía de Innovadores,2.0,22000.0,44000.0
V-2124,2025-06-19,Hogar,Lámpara de Escritorio,5.0,,
V-2125,2025-04-25,Deportes,Botella de Agua Inoxidable,4.0,,
V-2126,2025-05-01,Electrónica,Auriculares Bluetooth,4.0,35000.0,140000.0
V-2127,2025-10-21,Libros,Novela de Ciencia Ficción,4.0,15000.0,60000.0
V-2128,2025-08-17,Hogar,Lámpara de Escritorio,4.0,22000.0,88000.0
V-2129,2025-12-01,Electrónica,Teclado Mecánico,-1.0,45000.0,-45000.0
V-2130,2025-07-31,Electrónica,Cargador Rápido,5.0,15000.0,75000.0
V-2131,2025-01-01,Electrónica,Cargador Rápido,5.0,15000.0,75000.0
V-2132,2025-11-23,Hogar,Organizador de Zapatos,5.0,180000.0,900000.0
V-2133,2025-04-16,Libros,Biografía de Innovadores,,22000.0,
V-2134,2025-01-28,Ropa,Sudadera,3.0,28000.0,84000.0
V-2135,2025-10-14,Deportes,Cuerda para Saltar,4.0,8000.0,32000.0
V-2136,2025-12-03,Hogar,Sartén Antiadherente,,30000.0,
V-2137,2025-02-19,Ropa,Camiseta Algodón,3.0,12000.0,36000.0
V-2138,2025-07-01,Hogar,Organizador de Zapatos,5.0,180000.0,900000.0
V-2139,2025-07-11,Electrónica,Teclado Mecánico,2.0,45000.0,90000.0
V-2140,2025-09-10,Ropa,Sudadera,1.0,28000.0,28000.0
V-2141,2025-05-11,Deportes,Tapete de Yoga,2.0,18000.0,36000.0
V-2142,2025-03-03,Libros,Manual de Python,4.0,28000.0,112000.0
V-2143,2025-04-08,Hogar,Lámpara de Escritorio,4.0,22000.0,88000.0
V-2144,2025-01-24,Deportes,Mancuernas 5kg,4.0,25000.0,100000.0
V-2145,2025-08-23,Deportes,Cuerda para Saltar,2.0,8000.0,16000.0
V-2146,2025-09-13,Electrónica,Cargador Rápido,1.0,15000.0,15000.0
V-2147,2025-10-11,Libros,Cómic de Superhéroes,4.0,12000.0,48000.0
V-2148,2025-09-18,Ropa,Medias Deportivas,2.0,5000.0,10000.0
V-2149,2025-03-07,Electrónica,Auriculares Bluetooth,5.0,35000.0,175000.0
V-2150,2025-11-07,Hogar,Organizador de Zapatos,4.0,180000.0,720000.0
V-2151,2025-08-03,Deportes,Tapete de Yoga,3.0,18000.0,54000.0
V-2152,2025-07-23,Hogar,Juego de Sábanas,4.0,40000.0,160000.0
V-2153,2025-03-10,Ropa,Sudadera,5.0,28000.0,140000.0
V-2154,2025-12-25,Deportes,Balón de Fútbol,5.0,30000.0,150000.0
V-2155,2025-06-10,Deportes,Tapete de Yoga,2.0,18000.0,36000.0
V-2156,2025-04-18,Deportes,Balón de Fútbol,3.0,30000.0,90000.0
V-2157,2025-12-11,Ropa,Jeans Slim Fit,5.0,35000.0,175000.0
V-2158,2025-10-05,,Lámpara de Escritorio,3.0,22000.0,66000.0
V-2159,2025-10-15,Libros,Cómic de Superhéroes,5.0,12000.0,60000.0
V-2160,2025-12-08,,Cómic de Superhéroes,3.0,12000.0,36000.0
V-2161,2025-08-05,Electrónica,Cargador Rápido,1.0,,
V-2162,2025-01-13,Libros,Manual de Python,1.0,28000.0,28000.0
V-2163,2025-12-10,Electrónica,Mouse Gamer,3.0,25000.0,75000.0
V-2164,2025-03-24,Hogar,Juego de Sábanas,2.0,40000.0,80000.0
V-2165,2025-02-01,Hogar,Cafetera Expreso,5.0,120000.0,600000.0
V-2166,2025-01-17,Hogar,Sartén Antiadherente,1.0,30000.0,30000.0
V-2167,2025-11-12,Deportes,Tapete de Yoga,5.0,18000.0,90000.0
V-2168,2025-07-19,Ropa,Medias Deportivas,3.0,5000.0,15000.0
V-2169,2025-12-21,Electrónica,Auriculares Bluetooth,4.0,35000.0,140000.0
V-2170,2025-08-02,Hogar,Organizador de Zapatos,1.0,180000.0,180000.0
V-2171,2025-01-07,Hogar,Cafetera Expreso,5.0,120000.0,600000.0
V-2172,2025-08-15,Ropa,Chaqueta de Invierno,,75000.0,
V-2173,2025-10-07,Deportes,Tapete de Yoga,2.0,18000.0,36000.0
V-2174,2025-05-31,Libros,Manual de Python,1.0,28000.0,28000.0
V-2175,2025-04-06,Ropa,Medias Deportivas,1.0,5000.0,5000.0
V-2176,2025-07-13,Electrónica,Auriculares Bluetooth,3.0,35000.0,105000.0
V-2177,2025-10-12,Hogar,Cafetera Expreso,2.0,120000.0,240000.0
V-2178,2025-10-27,Hogar,Lámpara de Escritorio,3.0,22000.0,66000.0
V-2179,2025-08-27,Ropa,Camiseta Algodón,2.0,12000.0,24000.0
V-2180,2025-06-15,Deportes,Mancuernas 5kg,5.0,25000.0,125000.0
V-2181,2025-12-05,Hogar,Sartén Antiadherente,5.0,30000.0,150000.0
V-2182,2025-10-09,Hogar,Lámpara de Escritorio,3.0,22000.0,66000.0
V-2183,2025-09-27,Ropa,Jeans Slim Fit,5.0,35000.0,175000.0
V-2184,2025-02-04,Deportes,Tapete de Yoga,4.0,18000.0,72000.0
V-2185,2025-10-06,Deportes,Botella de Agua Inoxidable,1.0,14000.0,14000.0
V-2186,2025-06-28,Ropa,Jeans Slim Fit,3.0,35000.0,105000.0
V-2187,2025-06-19,Hogar,Juego de Sábanas,2.0,40000.0,80000.0
V-2188,2025-11-13,Deportes,Botella de Agua Inoxidable,5.0,14000.0,70000.0
V-2189,2025-11-29,Electrónica,Teclado Mecánico,3.0,,
V-2190,2025-08-17,Ropa,Medias Deportivas,5.0,5000.0,25000.0
V-2191,2025-05-05,Electrónica,"Monitor 24""",4.0,180000.0,720000.0
V-2192,2025-02-28,Libros,Biografía de Innovadores,5.0,22000.0,110000.0
V-2193,2025-05-25,Electrónica,Cargador Rápido,3.0,15000.0,45000.0
V-2194,2025-09-21,Deportes,Botella de Agua Inoxidable,4.0,14000.0,56000.0
V-2195,2025-01-23,Hogar,Cafetera Expreso,3.0,120000.0,360000.0
V-2196,2025-09-21,,Teclado Mecánico,2.0,45000.0,90000.0
V-2197,2025-10-03,Deportes,Mancuernas 5kg,1.0,25000.0,25000.0
V-2198,2025-04-18,Ropa,Sudadera,1.0,28000.0,28000.0
V-2199,2025-04-16,Deportes,Botella de Agua Inoxidable,1.0,14000.0,14000.0
V-1314,2025-08-21,Hogar,Organizador de Zapatos,4.0,180000.0,720000.0
V-1048,2025-08-20,Electrónica,Mouse Gamer,2.0,25000.0,50000.0
V-1940,2025-01-20,Electrónica,Teclado Mecánico,2.0,45000.0,90000.0
V-1679,2025-02-04,Ropa,Camiseta Algodón,2.0,12000.0,24000.0
V-1077,2025-11-01,Electrónica,Cargador Rápido,1.0,15000.0,15000.0
V-1179,2025-09-08,Electrónica,Auriculares Bluetooth,3.0,35000.0,105000.0
V-1150,2025-08-27,Libros,Novela de Ciencia Ficción,2.0,15000.0,30000.0
V-1111,2025-11-25,Deportes,Botella de Agua Inoxidable,5.0,14000.0,70000.0
V-1364,2025-11-21,Electrónica,Teclado Mecánico,5.0,45000.0,225000.0
V-1515,2025-10-25,Ropa,Jeans Slim Fit,5.0,35000.0,175000.0
V-2142,2025-03-03,Libros,Manual de Python,4.0,28000.0,112000.0
V-1144,2025-09-06,Ropa,Chaqueta de Invierno,4.0,75000.0,300000.0
V-2177,2025-10-12,Hogar,Cafetera Expreso,2.0,120000.0,240000.0
V-1466,2025-04-14,Electrónica,Mouse Gamer,1.0,25000.0,25000.0
V-1529,2025-02-19,Electrónica,"Monitor 24""",4.0,180000.0,720000.0
V-1834,2025-11-09,Ropa,Sudadera,3.0,28000.0,84000.0
V-1794,2025-10-05,Electrónica,Auriculares Bluetooth,5.0,35000.0,175000.0
V-1923,2025-10-09,Libros,Novela de Ciencia Ficción,1.0,15000.0,15000.0
V-1828,2025-01-05,Electrónica,"Monitor 24""",1.0,180000.0,180000.0
V-1886,2025-07-29,Electrónica,Mouse Gamer,5.0,25000.0,125000.0
V-1647,2025-11-26,Libros,Cómic de Superhéroes,3.0,12000.0,36000.0
V-1034,2025-05-17,Hogar,Lámpara de Escritorio,,22000.0,
V-1797,2025-06-28,Electrónica,Auriculares Bluetooth,1.0,35000.0,35000.0
V-1242,2025-06-11,Hogar,Juego de Sábanas,1.0,40000.0,40000.0
V-2095,2025-09-12,Ropa,Sudadera,3.0,28000.0,84000.0
V-1012,2025-03-05,Libros,Novela de Ciencia Ficción,5.0,15000.0,75000.0
V-1129,2025-03-28,Electrónica,"Monitor 24""",5.0,180000.0,900000.0
V-2199,2025-04-16,Deportes,Botella de Agua Inoxidable,1.0,14000.0,14000.0
V-1093,2025-05-09,Electrónica,Teclado Mecánico,4.0,45000.0,180000.0
V-1148,2025-12-22,Ropa,Jeans Slim Fit,1.0,35000.0,35000.0
V-1732,2025-06-03,Hogar,Organizador de Zapatos,2.0,180000.0,360000.0
V-2029,2025-07-17,Electrónica,Mouse Gamer,5.0,25000.0,125000.0
V-1217,2025-11-14,Electrónica,Cargador Rápido,1.0,15000.0,15000.0
V-1593,2025-03-10,Deportes,Botella de Agua Inoxidable,3.0,14000.0,42000.0
V-1617,2025-03-01,Ropa,Medias Deportivas,4.0,5000.0,20000.0
V-1177,2025-08-08,Hogar,Lámpara de Escritorio,5.0,22000.0,110000.0
V-1576,2025-05-28,Electrónica,"Monitor 24""",4.0,180000.0,720000.0
V-1896,2025-05-02,Hogar,Juego de Sábanas,3.0,40000.0,120000.0
V-1781,2025-04-06,Libros,Cómic de Superhéroes,2.0,12000.0,24000.0
V-1809,2025-11-18,Libros,Libro de Cocina,4.0,18000.0,72000.0
